,NN_to_ED,NN_to_SD,NN_to_MD,NN_to_NN,NN_to_MW,NN_to_SW,NN_to_EW
0,0,0,0,0,0,0,0
1,0,0,0,0,0,0,0
2,0,0,0,0,0,0,0
3,0,0,0,0,0,0,0
4,0,0,0,0,0,0,0
5,0,0,0,0,0,0,0
6,0,0,0,0,0,0,0
7,0,0,0,0,0,0,0
8,0,0,0,0,0,0,0
9,0,0,0,0,0,0,0
10,0,0,0,0,0,0,0
11,0,0,0,0,0,0,0
12,0,0,0,0,0,0,0
13,0,0,0,0,0,0,0
14,0,0,0,0,0,0,0
15,0,0,0,0,0,0,0
16,0,0,0,0,0,0,0
17,0,0,0,0,0,0,0
18,0,0,0,0,0,0,0
19,0,0,0,0,0,0,0
20,0,0,0,0,0,0,0
21,0,0,0,0,0,0,0
22,0,0,0,0,0,0,0
23,0,0,0,0,0,0,0
24,0,0,0,0,0,0,0
25,0,0,0,0,0,0,0
26,0,0,0,0,0,0,0
27,0,0,0,0,0,0,0
28,0,0,0,0,0,0,0
29,0,0,0,0,0,0,0
30,0,0,0,0,0,0,0
31,0,0,0,0,0,0,0
32,0,0,0,0,0,0,0
33,0,0,0,0,0,0,0
34,0,0,0,0,0,0,0
35,0,0,0,0,0,0,0
36,0,0,0,0,0,0,0
37,0,0,0,0,0,0,0
38,0,0,0,0,0,0,0
39,0,0,0,0,0,0,0
40,0,0,0,0,0,0,0
41,0,0,0,0,0,0,0
42,0,0,0,0,0,0,0
43,0,0,0,0,0,0,0
44,0,0,0,0,0,0,0
45,0,0,0,0,0,0,0
46,0,0,0,0,0,0,0
47,0,0,0,0,0,0,0
48,0,0,0,0,0,0,0
49,0,0,0,0,0,0,0
50,0,0,0,0,0,0,0
51,0,0,0,0,0,0,0
52,0,0,0,0,0,0,0
53,0,0,0,0,0,0,0
54,0,0,0,0,0,0,0
55,0,0,0,0,0,0,0
56,0,0,0,0,0,0,0
57,0,0,0,0,0,0,0
58,0,0,0,0,0,0,0
59,0,0,0,0,0,0,0
60,0,0,0,0,0,0,0
61,0,0,0,0,0,0,0
62,0,0,0,0,0,0,0
63,0,0,0,0,0,0,0
64,0,0,0,0,0,0,0
65,0,0,0,0,0,0,0
66,0,0,0,0,0,0,0
67,0,0,0,0,0,0,0
68,0,0,0,0,0,0,0
69,0,0,0,0,0,0,0
70,0,0,0,0,0,0,0
71,0,0,0,0,0,0,0
72,0,0,0,0,0,0,0
73,0,0,0,0,0,0,0
74,0,0,0,0,0,0,0
75,0,0,0,0,0,0,0
76,0,0,0,0,0,0,0
77,0,0,0,0,0,0,0
78,0,0,0,0,0,0,0
79,0,0,0,0,0,0,0
80,0,0,0,0,0,0,0
81,0,0,0,0,0,0,0
82,0,0,0,0,0,0,0
83,0,0,0,0,0,0,0
84,0,0,0,0,0,0,0
85,0,0,0,0,0,0,0
86,0,0,0,0,0,0,0
87,0,0,0,0,0,0,0
88,0,0,0,0,0,0,0
89,0,0,0,0,0,0,0
90,0,0,0,0,0,0,0
91,0,0,0,0,0,0,0
92,0,0,0,0,0,0,0
93,0,0,0,0,0,0,0
94,0,0,0,0,0,0,0
95,0,0,0,0,0,0,0
96,0,0,0,0,0,0,0
97,0,0,0,0,0,0,0
98,0,0,0,0,0,0,0
99,0,0,0,0,0,0,0
100,0,0,0,0,0,0,0
101,0,0,0,0,0,0,0
102,0,0,0,0,0,0,0
103,0,0,0,0,0,0,0
104,0,0,0,0,0,0,0
105,0,0,0,0,0,0,0
106,0,0,0,0,0,0,0
107,0,0,0,0,0,0,0
108,0,0,0,0,0,0,0
109,0,0,0,0,0,0,0
110,0,0,0,0,0,0,0
111,0,0,0,0,0,0,0
112,0,0,0,0,0,0,0
113,0,0,0,0,0,0,0
114,0,0,0,0,0,0,0
115,0,0,0,0,0,0,0
116,0,0,0,0,0,0,0
117,0,0,0,0,0,0,0
118,0,0,0,0,0,0,0
119,0,0,0,0,0,0,0
120,0,0,0,0,0,0,0
121,0,0,0,0,0,0,0
122,0,0,0,0,0,0,0
123,0,0,0,0,0,0,0
124,0,0,0,0,0,0,0
125,0,0,0,0,0,0,0
126,0,0,0,0,0,0,0
127,0,0,0,0,0,0,0
128,0,0,0,0,0,0,0
129,0,0,0,0,0,0,0
130,0,0,0,0,0,0,0
131,0,0,0,0,0,0,0
132,0,0,0,0,0,0,0
133,0,0,0,0,0,0,0
134,0,0,0,0,0,0,0
135,0,0,0,0,0,0,0
136,0,0,0,0,0,0,0
137,0,0,0,0,0,0,0
138,0,0,0,0,0,0,0
139,0,0,0,0,0,0,0
140,0,0,0,0,0,0,0
141,0,0,0,0,0,0,0
142,0,0,0,0,0,0,0
143,0,0,0,0,0,0,0
144,0,0,0,0,0,0,0
145,0,0,0,0,0,0,0
146,0,0,0,0,0,0,0
147,0,0,0,0,0,0,0
148,0,0,0,0,0,0,0
149,0,0,0,0,0,0,0
150,0,0,0,0,0,0,0
151,0,0,0,0,0,0,0
152,0,0,0,0,0,0,0
153,0,0,0,0,0,0,0
154,0,0,0,0,0,0,0
155,0,0,0,0,0,0,0
156,0,0,0,0,0,0,0
157,0,0,0,0,0,0,0
158,0,0,0,0,0,0,0
159,0,0,0,0,0,0,0
160,0,0,0,0,0,0,0
161,0,0,0,0,0,0,0
162,0,0,0,0,0,0,0
163,0,0,0,0,0,0,0
164,0,0,0,0,0,0,0
165,0,0,0,0,0,0,0
166,0,0,0,0,0,0,0
167,0,0,0,0,0,0,0
168,0,0,0,0,0,0,0
169,0,0,0,0,0,0,0
170,0,0,0,0,0,0,0
171,0,0,0,0,0,0,0
172,0,0,0,0,0,0,0
173,0,0,0,0,0,0,0
174,0,0,0,0,0,0,0
175,0,0,0,0,0,0,0
176,0,0,0,0,0,0,0
177,0,0,0,0,0,0,0
178,0,0,0,0,0,0,0
179,0,0,0,0,0,0,0
180,0,0,0,0,0,0,0
181,0,0,0,0,0,0,0
182,0,0,0,0,0,0,0
183,0,0,0,0,0,0,0
184,0,0,0,0,0,0,0
185,0,0,0,0,0,0,0
186,0,0,0,0,0,0,0
187,0,0,0,0,0,0,0
188,0,0,0,0,0,0,0
189,0,0,0,0,0,0,0
190,0,0,0,0,0,0,0
191,0,0,0,0,0,0,0
192,0,0,0,0,0,0,0
193,0,0,0,0,0,0,0
194,0,0,0,0,0,0,0
195,0,0,0,0,0,0,0
196,0,0,0,0,0,0,0
197,0,0,0,0,0,0,0
198,0,0,0,0,0,0,0
199,0,0,0,0,0,0,0
200,0,0,0,0,0,0,0
201,0,0,0,0,0,0,0
202,0,0,0,0,0,0,0
203,0,0,0,0,0,0,0
204,0,0,0,0,0,0,0
205,0,0,0,0,0,0,0
206,0,0,0,0,0,0,0
207,0,0,0,0,0,0,0
208,0,0,0,0,0,0,0
209,0,0,0,0,0,0,0
210,0,0,0,0,0,0,0
211,0,0,0,0,0,0,0
212,0,0,0,0,0,0,0
213,0,0,0,0,0,0,0
214,0,0,0,0,0,0,0
215,0,0,0,0,0,0,0
216,0,0,0,0,0,0,0
217,0,0,0,0,0,0,0
218,0,0,0,0,0,0,0
219,0,0,0,0,0,0,0
220,0,0,0,0,0,0,0
221,0,0,0,0,0,0,0
222,0,0,0,0,0,0,0
223,0,0,0,0,0,0,0
224,0,0,0,0,0,0,0
225,0,0,0,0,0,0,0
226,0,0,0,0,0,0,0
227,0,0,0,0,0,0,0
228,0,0,0,0,0,0,0
229,0,0,0,0,0,0,0
230,0,0,0,0,0,0,0
231,0,0,0,0,0,0,0
232,0,0,0,0,0,0,0
233,0,0,0,0,0,0,0
234,0,0,0,0,0,0,0
235,0,0,0,0,0,0,0
236,0,0,0,0,0,0,0
237,0,0,0,0,0,0,0
238,0,0,0,0,0,0,0
239,0,0,0,0,0,0,0
240,0,0,0,0,0,0,0
241,0,0,0,0,0,0,0
242,0,0,0,0,0,0,0
243,0,0,0,0,0,0,0
244,0,0,0,0,0,0,0
245,0,0,0,0,0,0,0
246,0,0,0,0,0,0,0
247,0,0,0,0,0,0,0
248,0,0,0,0,0,0,0
249,0,0,0,0,0,0,0
250,0,0,0,0,0,0,0
251,0,0,0,0,0,0,0
252,0,0,0,0,0,0,0
253,0,0,0,0,0,0,0
254,0,0,0,0,0,0,0
255,0,0,0,0,0,0,0
256,0,0,0,0,0,0,0
257,0,0,0,0,0,0,0
258,0,0,0,0,0,0,0
259,0,0,0,0,0,0,0
260,0,0,0,0,0,0,0
261,0,0,0,0,0,0,0
262,0,0,0,0,0,0,0
263,0,0,0,0,0,0,0
264,0,0,0,0,0,0,0
265,0,0,0,0,0,0,0
266,0,0,0,0,0,0,0
267,0,0,0,0,0,0,0
268,0,0,0,0,0,0,0
269,0,0,0,0,0,0,0
270,0,0,0,0,0,0,0
271,0,0,0,0,0,0,0
272,0,0,0,0,0,0,0
273,0,0,0,0,0,0,0
274,0,0,0,0,0,0,0
275,0,0,0,0,0,0,0
276,0,0,0,0,0,0,0
277,0,0,0,0,0,0,0
278,0,0,0,0,0,0,0
279,0,0,0,0,0,0,0
280,0,0,0,0,0,0,0
281,0,0,0,0,0,0,0
282,0,0,0,0,0,0,0
283,0,0,0,0,0,0,0
284,0,0,0,0,0,0,0
285,0,0,0,0,0,0,0
286,0,0,0,0,0,0,0
287,0,0,0,0,0,0,0
288,0,0,0,0,0,0,0
289,0,0,0,0,0,0,0
290,0,0,0,0,0,0,0
291,0,0,0,0,0,0,0
292,0,0,0,0,0,0,0
293,0,0,0,0,0,0,0
294,0,0,0,0,0,0,0
295,0,0,0,0,0,0,0
296,0,0,0,0,0,0,0
297,0,0,0,0,0,0,0
298,0,0,0,0,0,0,0
299,0,0,0,0,0,0,0
300,0,0,0,0,0,0,0
301,0,0,0,0,0,0,0
302,0,0,0,0,0,0,0
303,0,0,0,0,0,0,0
304,0,0,0,0,0,0,0
305,0,0,0,0,0,0,0
306,0,0,0,0,0,0,0
307,0,0,0,0,0,0,0
308,0,0,0,0,0,0,0
309,0,0,0,0,0,0,0
310,0,0,0,0,0,0,0
311,0,0,0,0,0,0,0
312,0,0,0,0,0,0,0
313,0,0,0,0,0,0,0
314,0,0,0,0,0,0,0
315,0,0,0,0,0,0,0
316,0,0,0,0,0,0,0
317,0,0,0,0,0,0,0
318,0,0,0,0,0,0,0
319,0,0,0,0,0,0,0
320,0,0,0,0,0,0,0
321,0,0,0,0,0,0,0
322,0,0,0,0,0,0,0
323,0,0,0,0,0,0,0
324,0,0,0,0,0,0,0
325,0,0,0,0,0,0,0
326,0,0,0,0,0,0,0
327,0,0,0,0,0,0,0
328,0,0,0,0,0,0,0
329,0,0,0,0,0,0,0
330,0,0,0,0,0,0,0
331,0,0,0,0,0,0,0
332,0,0,0,0,0,0,0
333,0,0,0,0,0,0,0
334,0,0,0,0,0,0,0
335,0,0,0,0,0,0,0
336,0,0,0,0,0,0,0
337,0,0,0,0,0,0,0
338,0,0,0,0,0,0,0
339,0,0,0,0,0,0,0
340,0,0,0,0,0,0,0
341,0,0,0,0,0,0,0
342,0,0,0,0,0,0,0
343,0,0,0,0,0,0,0
344,0,0,0,0,0,0,0
345,0,0,0,0,0,0,0
346,0,0,0,0,0,0,0
347,0,0,0,0,0,0,0
348,0,0,0,0,0,0,0
349,0,0,0,0,0,0,0
350,0,0,0,0,0,0,0
351,0,0,0,0,0,0,0
352,0,0,0,0,0,0,0
353,0,0,0,0,0,0,0
354,0,0,0,0,0,0,0
355,0,0,0,0,0,0,0
356,0,0,0,0,0,0,0
357,0,0,0,0,0,0,0
358,0,0,0,0,0,0,0
359,0,0,0,0,0,0,0
360,0,0,0,0,0,0,0
361,0,0,0,0,0,0,0
362,0,0,0,0,0,0,0
363,0,0,0,0,0,0,0
364,0,0,0,0,0,0,0
365,0,0,0,0,0,0,0
366,0,0,0,0,0,0,0
367,0,0,0,0,0,0,0
368,0,0,0,0,0,0,0
369,0,0,0,0,0,0,0
370,0,0,0,0,0,0,0
371,0,0,0,0,0,0,0
372,0,0,0,0,0,0,0
373,0,0,0,0,0,0,0
374,0,0,0,0,0,0,0
375,0,0,0,0,0,0,0
376,0,0,0,0,0,0,0
377,0,0,0,0,0,0,0
378,0,0,0,0,0,0,0
379,0,0,0,0,0,0,0
380,0,0,0,0,0,0,0
381,0,0,0,0,0,0,0
382,0,0,0,0,0,0,0
383,0,0,0,0,0,0,0
384,0,0,0,0,0,0,0
385,0,0,0,0,0,0,0
386,0,0,0,0,0,0,0
387,0,0,0,0,0,0,0
388,0,0,0,0,0,0,0
389,0,0,0,0,0,0,0
390,0,0,0,0,0,0,0
391,0,0,0,0,0,0,0
392,0,0,0,0,0,0,0
393,0,0,0,0,0,0,0
394,0,0,0,0,0,0,0
395,0,0,0,0,0,0,0
396,0,0,0,0,0,0,0
397,0,0,0,0,0,0,0
398,0,0,0,0,0,0,0
399,0,0,0,0,0,0,0
400,0,0,0,0,0,0,0
401,0,0,0,0,0,0,0
402,0,0,0,0,0,0,0
403,0,0,0,0,0,0,0
404,0,0,0,0,0,0,0
405,0,0,0,0,0,0,0
406,0,0,0,0,0,0,0
407,0,0,0,0,0,0,0
408,0,0,0,0,0,0,0
409,0,0,0,0,0,0,0
410,0,0,0,0,0,0,0
411,0,0,0,0,0,0,0
412,0,0,0,0,0,0,0
413,0,0,0,0,0,0,0
414,0,0,0,0,0,0,0
415,0,0,0,0,0,0,0
416,0,0,0,0,0,0,0
417,0,0,0,0,0,0,0
418,0,0,0,0,0,0,0
419,0,0,0,0,0,0,0
420,0,0,0,0,0,0,0
421,0,0,0,0,0,0,0
422,0,0,0,0,0,0,0
423,0,0,0,0,0,0,0
424,0,0,0,0,0,0,0
425,0,0,0,0,0,0,0
426,0,0,0,0,0,0,0
427,0,0,0,0,0,0,0
428,0,0,0,0,0,0,0
429,0,0,0,0,0,0,0
430,0,0,0,0,0,0,0
431,0,0,0,0,0,0,0
432,0,0,0,0,0,0,0
433,0,0,0,0,0,0,0
434,0,0,0,0,0,0,0
435,0,0,0,0,0,0,0
436,0,0,0,0,0,0,0
437,0,0,0,0,0,0,0
438,0,0,0,0,0,0,0
439,0,0,0,0,0,0,0
440,0,0,0,0,0,0,0
441,0,0,0,0,0,0,0
442,0,0,0,0,0,0,0
443,0,0,0,0,0,0,0
444,1,5,7,45,6,0,2
445,2,4,9,39,3,0,7
446,0,0,0,0,0,0,0
447,0,0,0,0,0,0,0
448,0,0,0,0,0,0,0
449,0,0,0,0,0,0,0
450,0,0,0,0,0,0,0
451,0,0,0,0,0,0,0
452,0,0,0,0,0,0,0
453,0,0,0,0,0,0,0
454,0,0,0,0,0,0,0
455,0,0,0,0,0,0,0
456,0,0,0,0,0,0,0
457,0,0,0,0,0,0,0
458,0,0,0,0,0,0,0
459,0,0,0,0,0,0,0
460,0,0,0,0,0,0,0
461,0,0,0,0,0,0,0
462,0,0,0,0,0,0,0
463,0,0,0,0,0,0,0
464,0,0,0,0,0,0,0
465,0,0,0,0,0,0,0
466,0,0,0,0,0,0,0
467,0,0,0,0,0,0,0
468,0,0,0,0,0,0,0
469,0,0,0,0,0,0,0
470,0,0,0,0,0,0,0
471,0,0,0,0,0,0,0
472,0,0,0,0,0,0,0
473,0,0,0,0,0,0,0
474,0,0,0,0,0,0,0
475,0,0,0,0,0,0,0
476,0,0,0,0,0,0,0
477,0,0,0,0,0,0,0
478,0,0,0,0,0,0,0
479,0,0,0,0,0,0,0
480,0,0,0,0,0,0,0
481,0,0,0,0,0,0,0
482,0,0,0,0,0,0,0
483,0,0,0,0,0,0,0
484,0,0,0,0,0,0,0
485,0,0,0,0,0,0,0
486,0,0,0,0,0,0,0
487,0,0,0,0,0,0,0
488,0,0,0,0,0,0,0
489,0,0,0,0,0,0,0
490,0,0,0,0,0,0,0
491,0,0,0,0,0,0,0
492,0,0,0,0,0,0,0
493,0,0,0,0,0,0,0
494,0,0,0,0,0,0,0
495,0,0,0,0,0,0,0
496,0,0,0,0,0,0,0
497,0,0,0,0,0,0,0
498,0,0,0,0,0,0,0
499,0,0,0,0,0,0,0
500,0,0,0,0,0,0,0
501,0,0,0,0,0,0,0
502,0,0,0,0,0,0,0
503,0,0,0,0,0,0,0
504,0,0,0,0,0,0,0
505,0,0,0,0,0,0,0
506,0,0,0,0,0,0,0
507,0,0,0,0,0,0,0
508,0,0,0,0,0,0,0
509,0,0,0,0,0,0,0
510,0,0,0,0,0,0,0
511,0,0,0,0,0,0,0
512,0,0,0,0,0,0,0
513,0,1,9,38,9,0,4
514,0,7,5,45,4,0,4
515,2,4,6,38,9,0,4
516,0,0,0,0,0,0,0
517,0,0,0,0,0,0,0
518,0,0,0,0,0,0,0
519,0,0,0,0,0,0,0
520,0,0,0,0,0,0,0
521,0,0,0,0,0,0,0
522,0,0,0,0,0,0,0
523,0,0,0,0,0,0,0
524,0,0,0,0,0,0,0
525,0,0,0,0,0,0,0
526,0,0,0,0,0,0,0
527,0,0,0,0,0,0,0
528,0,0,0,0,0,0,0
529,0,0,0,0,0,0,0
530,0,0,0,0,0,0,0
531,0,0,0,0,0,0,0
532,0,0,0,0,0,0,0
533,0,0,0,0,0,0,0
534,0,0,0,0,0,0,0
535,0,0,0,0,0,0,0
536,0,0,0,0,0,0,0
537,0,0,0,0,0,0,0
538,0,0,0,0,0,0,0
539,0,0,0,0,0,0,0
540,0,0,0,0,0,0,0
541,0,0,0,0,0,0,0
542,0,0,0,0,0,0,0
543,0,0,0,0,0,0,0
544,0,0,0,0,0,0,0
545,0,0,0,0,0,0,0
546,0,0,0,0,0,0,0
547,0,0,0,0,0,0,0
548,0,0,0,0,0,0,0
549,0,0,0,0,0,0,0
550,0,0,0,0,0,0,0
551,0,0,0,0,0,0,0
552,0,0,0,0,0,0,0
553,0,0,0,0,0,0,0
554,0,0,0,0,0,0,0
555,0,0,0,0,0,0,0
556,0,0,0,0,0,0,0
557,0,0,0,0,0,0,0
558,0,0,0,0,0,0,0
559,0,0,0,0,0,0,0
560,0,0,0,0,0,0,0
561,0,0,0,0,0,0,0
562,0,0,0,0,0,0,0
563,0,0,0,0,0,0,0
564,0,0,0,0,0,0,0
565,0,0,0,0,0,0,0
566,0,0,0,0,0,0,0
567,0,0,0,0,0,0,0
568,0,0,0,0,0,0,0
569,0,0,0,0,0,0,0
570,0,0,0,0,0,0,0
571,0,0,0,0,0,0,0
572,0,0,0,0,0,0,0
573,0,0,0,0,0,0,0
574,0,0,0,0,0,0,0
575,0,0,0,0,0,0,0
576,0,0,0,0,0,0,0
577,0,0,0,0,0,0,0
578,0,0,0,0,0,0,0
579,0,0,0,0,0,0,0
580,0,0,0,0,0,0,0
581,0,0,0,0,0,0,0
582,0,0,0,0,0,0,0
583,0,3,6,39,11,0,5
584,1,3,8,39,7,0,5
585,1,3,12,34,10,0,1
586,2,0,11,45,8,0,1
587,1,2,10,38,6,0,5
588,0,0,0,0,0,0,0
589,0,0,0,0,0,0,0
590,0,0,0,0,0,0,0
591,0,0,0,0,0,0,0
592,0,0,0,0,0,0,0
593,0,0,0,0,0,0,0
594,0,0,0,0,0,0,0
595,0,0,0,0,0,0,0
596,0,0,0,0,0,0,0
597,0,0,0,0,0,0,0
598,0,0,0,0,0,0,0
599,0,0,0,0,0,0,0
600,0,0,0,0,0,0,0
601,0,0,0,0,0,0,0
602,0,0,0,0,0,0,0
603,0,0,0,0,0,0,0
604,0,0,0,0,0,0,0
605,0,0,0,0,0,0,0
606,0,0,0,0,0,0,0
607,0,0,0,0,0,0,0
608,0,0,0,0,0,0,0
609,0,0,0,0,0,0,0
610,0,0,0,0,0,0,0
611,0,0,0,0,0,0,0
612,0,0,0,0,0,0,0
613,0,0,0,0,0,0,0
614,0,0,0,0,0,0,0
615,0,0,0,0,0,0,0
616,0,0,0,0,0,0,0
617,0,0,0,0,0,0,0
618,0,0,0,0,0,0,0
619,0,0,0,0,0,0,0
620,0,0,0,0,0,0,0
621,0,0,0,0,0,0,0
622,0,0,0,0,0,0,0
623,0,0,0,0,0,0,0
624,0,0,0,0,0,0,0
625,0,0,0,0,0,0,0
626,0,0,0,0,0,0,0
627,0,0,0,0,0,0,0
628,0,0,0,0,0,0,0
629,0,0,0,0,0,0,0
630,0,0,0,0,0,0,0
631,0,0,0,0,0,0,0
632,0,0,0,0,0,0,0
633,0,0,0,0,0,0,0
634,0,0,0,0,0,0,0
635,0,0,0,0,0,0,0
636,0,0,0,0,0,0,0
637,0,0,0,0,0,0,0
638,0,0,0,0,0,0,0
639,0,0,0,0,0,0,0
640,0,0,0,0,0,0,0
641,0,0,0,0,0,0,0
642,0,0,0,0,0,0,0
643,0,0,0,0,0,0,0
644,0,0,0,0,0,0,0
645,0,0,0,0,0,0,0
646,0,0,0,0,0,0,0
647,0,0,0,0,0,0,0
648,0,0,0,0,0,0,0
649,0,0,0,0,0,0,0
650,0,0,0,0,0,0,0
651,0,0,0,0,0,0,0
652,0,0,0,0,0,0,0
653,0,3,2,41,13,0,4
654,1,1,10,35,9,0,6
655,0,4,10,41,4,0,8
656,2,1,11,40,6,0,5
657,2,3,11,44,7,0,2
658,0,0,0,0,0,0,0
659,0,0,0,0,0,0,0
660,0,0,0,0,0,0,0
661,0,0,0,0,0,0,0
662,0,0,0,0,0,0,0
663,0,0,0,0,0,0,0
664,0,0,0,0,0,0,0
665,0,0,0,0,0,0,0
666,0,0,0,0,0,0,0
667,0,0,0,0,0,0,0
668,0,0,0,0,0,0,0
669,0,0,0,0,0,0,0
670,0,0,0,0,0,0,0
671,0,0,0,0,0,0,0
672,0,0,0,0,0,0,0
673,0,0,0,0,0,0,0
674,0,0,0,0,0,0,0
675,0,0,0,0,0,0,0
676,0,0,0,0,0,0,0
677,0,0,0,0,0,0,0
678,0,0,0,0,0,0,0
679,0,0,0,0,0,0,0
680,0,0,0,0,0,0,0
681,0,0,0,0,0,0,0
682,0,0,0,0,0,0,0
683,0,0,0,0,0,0,0
684,0,0,0,0,0,0,0
685,0,0,0,0,0,0,0
686,0,0,0,0,0,0,0
687,0,0,0,0,0,0,0
688,0,0,0,0,0,0,0
689,0,0,0,0,0,0,0
690,0,0,0,0,0,0,0
691,0,0,0,0,0,0,0
692,0,0,0,0,0,0,0
693,0,0,0,0,0,0,0
694,0,0,0,0,0,0,0
695,0,0,0,0,0,0,0
696,0,0,0,0,0,0,0
697,0,0,0,0,0,0,0
698,0,0,0,0,0,0,0
699,0,0,0,0,0,0,0
700,0,0,0,0,0,0,0
701,0,0,0,0,0,0,0
702,0,0,0,0,0,0,0
703,0,0,0,0,0,0,0
704,0,0,0,0,0,0,0
705,0,0,0,0,0,0,0
706,0,0,0,0,0,0,0
707,0,0,0,0,0,0,0
708,0,0,0,0,0,0,0
709,0,0,0,0,0,0,0
710,0,0,0,0,0,0,0
711,0,0,0,0,0,0,0
712,0,0,0,0,0,0,0
713,0,0,0,0,0,0,0
714,0,0,0,0,0,0,0
715,0,0,0,0,0,0,0
716,0,0,0,0,0,0,0
717,0,0,0,0,0,0,0
718,0,0,0,0,0,0,0
719,0,0,0,0,0,0,0
720,0,0,0,0,0,0,0
721,0,0,0,0,0,0,0
722,2,1,6,43,8,0,5
723,1,1,8,48,7,0,3
724,1,2,6,46,11,0,2
725,1,3,8,48,7,0,4
726,1,3,9,39,9,0,2
727,1,5,7,47,6,0,4
728,1,2,12,40,6,0,3
729,0,0,0,0,0,0,0
730,0,0,0,0,0,0,0
731,0,0,0,0,0,0,0
732,0,0,0,0,0,0,0
733,0,0,0,0,0,0,0
734,0,0,0,0,0,0,0
735,0,0,0,0,0,0,0
736,0,0,0,0,0,0,0
737,0,0,0,0,0,0,0
738,0,0,0,0,0,0,0
739,0,0,0,0,0,0,0
740,0,0,0,0,0,0,0
741,0,0,0,0,0,0,0
742,0,0,0,0,0,0,0
743,0,0,0,0,0,0,0
744,0,0,0,0,0,0,0
745,0,0,0,0,0,0,0
746,0,0,0,0,0,0,0
747,0,0,0,0,0,0,0
748,0,0,0,0,0,0,0
749,0,0,0,0,0,0,0
750,0,0,0,0,0,0,0
751,0,0,0,0,0,0,0
752,0,0,0,0,0,0,0
753,0,0,0,0,0,0,0
754,0,0,0,0,0,0,0
755,0,0,0,0,0,0,0
756,0,0,0,0,0,0,0
757,0,0,0,0,0,0,0
758,0,0,0,0,0,0,0
759,0,0,0,0,0,0,0
760,0,0,0,0,0,0,0
761,0,0,0,0,0,0,0
762,0,0,0,0,0,0,0
763,0,0,0,0,0,0,0
764,0,0,0,0,0,0,0
765,0,0,0,0,0,0,0
766,0,0,0,0,0,0,0
767,0,0,0,0,0,0,0
768,0,0,0,0,0,0,0
769,0,0,0,0,0,0,0
770,0,0,0,0,0,0,0
771,0,0,0,0,0,0,0
772,0,0,0,0,0,0,0
773,0,0,0,0,0,0,0
774,0,0,0,0,0,0,0
775,0,0,0,0,0,0,0
776,0,0,0,0,0,0,0
777,0,0,0,0,0,0,0
778,0,0,0,0,0,0,0
779,0,0,0,0,0,0,0
780,0,0,0,0,0,0,0
781,0,0,0,0,0,0,0
782,0,0,0,0,0,0,0
783,0,0,0,0,0,0,0
784,0,0,0,0,0,0,0
785,0,0,0,0,0,0,0
786,0,0,0,0,0,0,0
787,0,0,0,0,0,0,0
788,0,0,0,0,0,0,0
789,0,0,0,0,0,0,0
790,0,0,0,0,0,0,0
791,0,0,0,0,0,0,0
792,1,2,5,45,9,0,7
793,1,3,6,47,5,0,3
794,1,4,8,35,9,0,5
795,1,1,8,43,11,0,1
796,2,2,10,44,7,0,2
797,2,4,9,44,6,0,2
798,0,6,8,38,6,0,3
799,2,4,6,38,8,0,3
800,0,0,0,0,0,0,0
801,0,0,0,0,0,0,0
802,0,0,0,0,0,0,0
803,0,0,0,0,0,0,0
804,0,0,0,0,0,0,0
805,0,0,0,0,0,0,0
806,0,0,0,0,0,0,0
807,0,0,0,0,0,0,0
808,0,0,0,0,0,0,0
809,0,0,0,0,0,0,0
810,0,0,0,0,0,0,0
811,0,0,0,0,0,0,0
812,0,0,0,0,0,0,0
813,0,0,0,0,0,0,0
814,0,0,0,0,0,0,0
815,0,0,0,0,0,0,0
816,0,0,0,0,0,0,0
817,0,0,0,0,0,0,0
818,0,0,0,0,0,0,0
819,0,0,0,0,0,0,0
820,0,0,0,0,0,0,0
821,0,0,0,0,0,0,0
822,0,0,0,0,0,0,0
823,0,0,0,0,0,0,0
824,0,0,0,0,0,0,0
825,0,0,0,0,0,0,0
826,0,0,0,0,0,0,0
827,0,0,0,0,0,0,0
828,0,0,0,0,0,0,0
829,0,0,0,0,0,0,0
830,0,0,0,0,0,0,0
831,0,0,0,0,0,0,0
832,0,0,0,0,0,0,0
833,0,0,0,0,0,0,0
834,0,0,0,0,0,0,0
835,0,0,0,0,0,0,0
836,0,0,0,0,0,0,0
837,0,0,0,0,0,0,0
838,0,0,0,0,0,0,0
839,0,0,0,0,0,0,0
840,0,0,0,0,0,0,0
841,0,0,0,0,0,0,0
842,0,0,0,0,0,0,0
843,0,0,0,0,0,0,0
844,0,0,0,0,0,0,0
845,0,0,0,0,0,0,0
846,0,0,0,0,0,0,0
847,0,0,0,0,0,0,0
848,0,0,0,0,0,0,0
849,0,0,0,0,0,0,0
850,0,0,0,0,0,0,0
851,0,0,0,0,0,0,0
852,0,0,0,0,0,0,0
853,0,0,0,0,0,0,0
854,0,0,0,0,0,0,0
855,0,0,0,0,0,0,0
856,0,0,0,0,0,0,0
857,0,0,0,0,0,0,0
858,0,0,0,0,0,0,0
859,0,0,0,0,0,0,0
860,0,0,0,0,0,0,0
861,0,0,0,0,0,0,0
862,2,2,8,45,5,0,6
863,0,3,11,41,3,0,4
864,0,5,5,41,7,0,5
865,1,2,13,37,8,0,1
866,1,2,8,47,8,0,2
867,0,5,10,43,4,0,2
868,1,6,8,41,5,0,4
869,2,4,7,38,9,0,3
870,0,0,0,0,0,0,0
871,0,0,0,0,0,0,0
872,0,0,0,0,0,0,0
873,0,0,0,0,0,0,0
874,0,0,0,0,0,0,0
875,0,0,0,0,0,0,0
876,0,0,0,0,0,0,0
877,0,0,0,0,0,0,0
878,0,0,0,0,0,0,0
879,0,0,0,0,0,0,0
880,0,0,0,0,0,0,0
881,0,0,0,0,0,0,0
882,0,0,0,0,0,0,0
883,0,0,0,0,0,0,0
884,0,0,0,0,0,0,0
885,0,0,0,0,0,0,0
886,0,0,0,0,0,0,0
887,0,0,0,0,0,0,0
888,0,0,0,0,0,0,0
889,0,0,0,0,0,0,0
890,0,0,0,0,0,0,0
891,0,0,0,0,0,0,0
892,0,0,0,0,0,0,0
893,0,0,0,0,0,0,0
894,0,0,0,0,0,0,0
895,0,0,0,0,0,0,0
896,0,0,0,0,0,0,0
897,0,0,0,0,0,0,0
898,0,0,0,0,0,0,0
899,0,0,0,0,0,0,0
900,0,0,0,0,0,0,0
901,0,0,0,0,0,0,0
902,0,0,0,0,0,0,0
903,0,0,0,0,0,0,0
904,0,0,0,0,0,0,0
905,0,0,0,0,0,0,0
906,0,0,0,0,0,0,0
907,0,0,0,0,0,0,0
908,0,0,0,0,0,0,0
909,0,0,0,0,0,0,0
910,0,0,0,0,0,0,0
911,0,0,0,0,0,0,0
912,0,0,0,0,0,0,0
913,0,0,0,0,0,0,0
914,0,0,0,0,0,0,0
915,0,0,0,0,0,0,0
916,0,0,0,0,0,0,0
917,0,0,0,0,0,0,0
918,0,0,0,0,0,0,0
919,0,0,0,0,0,0,0
920,0,0,0,0,0,0,0
921,0,0,0,0,0,0,0
922,0,0,0,0,0,0,0
923,0,0,0,0,0,0,0
924,0,0,0,0,0,0,0
925,0,0,0,0,0,0,0
926,0,0,0,0,0,0,0
927,0,0,0,0,0,0,0
928,0,0,0,0,0,0,0
929,0,0,0,0,0,0,0
930,0,0,0,0,0,0,0
931,0,1,9,44,5,0,8
932,1,4,10,34,7,0,6
933,1,3,9,39,6,0,3
934,1,2,8,37,10,0,1
935,0,5,9,42,7,0,2
936,1,5,10,39,8,0,2
937,1,4,10,40,6,0,2
938,1,6,5,50,7,0,2
939,2,6,9,38,7,0,2
940,0,0,0,0,0,0,0
941,0,0,0,0,0,0,0
942,0,0,0,0,0,0,0
943,0,0,0,0,0,0,0
944,0,0,0,0,0,0,0
945,0,0,0,0,0,0,0
946,0,0,0,0,0,0,0
947,0,0,0,0,0,0,0
948,0,0,0,0,0,0,0
949,0,0,0,0,0,0,0
950,0,0,0,0,0,0,0
951,0,0,0,0,0,0,0
952,0,0,0,0,0,0,0
953,0,0,0,0,0,0,0
954,0,0,0,0,0,0,0
955,0,0,0,0,0,0,0
956,0,0,0,0,0,0,0
957,0,0,0,0,0,0,0
958,0,0,0,0,0,0,0
959,0,0,0,0,0,0,0
960,0,0,0,0,0,0,0
961,0,0,0,0,0,0,0
962,0,0,0,0,0,0,0
963,0,0,0,0,0,0,0
964,0,0,0,0,0,0,0
965,0,0,0,0,0,0,0
966,0,0,0,0,0,0,0
967,0,0,0,0,0,0,0
968,0,0,0,0,0,0,0
969,0,0,0,0,0,0,0
970,0,0,0,0,0,0,0
971,0,0,0,0,0,0,0
972,0,0,0,0,0,0,0
973,0,0,0,0,0,0,0
974,0,0,0,0,0,0,0
975,0,0,0,0,0,0,0
976,0,0,0,0,0,0,0
977,0,0,0,0,0,0,0
978,0,0,0,0,0,0,0
979,0,0,0,0,0,0,0
980,0,0,0,0,0,0,0
981,0,0,0,0,0,0,0
982,0,0,0,0,0,0,0
983,0,0,0,0,0,0,0
984,0,0,0,0,0,0,0
985,0,0,0,0,0,0,0
986,0,0,0,0,0,0,0
987,0,0,0,0,0,0,0
988,0,0,0,0,0,0,0
989,0,0,0,0,0,0,0
990,0,0,0,0,0,0,0
991,0,0,0,0,0,0,0
992,0,0,0,0,0,0,0
993,0,0,0,0,0,0,0
994,0,0,0,0,0,0,0
995,0,0,0,0,0,0,0
996,0,0,0,0,0,0,0
997,0,0,0,0,0,0,0
998,0,0,0,0,0,0,0
999,0,0,0,0,0,0,0
1000,1,4,7,40,9,0,5
1001,0,4,4,45,6,0,8
1002,1,4,6,45,4,0,7
1003,1,5,9,35,7,0,3
1004,1,3,8,41,5,0,4
1005,2,3,12,39,2,0,5
1006,2,2,8,46,4,0,3
1007,1,5,6,46,4,0,4
1008,1,4,7,41,6,0,4
1009,0,6,4,43,9,0,3
1010,0,0,0,0,0,0,0
1011,0,0,0,0,0,0,0
1012,0,0,0,0,0,0,0
1013,0,0,0,0,0,0,0
1014,0,0,0,0,0,0,0
1015,0,0,0,0,0,0,0
1016,0,0,0,0,0,0,0
1017,0,0,0,0,0,0,0
1018,0,0,0,0,0,0,0
1019,0,0,0,0,0,0,0
1020,0,0,0,0,0,0,0
1021,0,0,0,0,0,0,0
1022,0,0,0,0,0,0,0
1023,0,0,0,0,0,0,0
1024,0,0,0,0,0,0,0
1025,0,0,0,0,0,0,0
1026,0,0,0,0,0,0,0
1027,0,0,0,0,0,0,0
1028,0,0,0,0,0,0,0
1029,0,0,0,0,0,0,0
1030,0,0,0,0,0,0,0
1031,0,0,0,0,0,0,0
1032,0,0,0,0,0,0,0
1033,0,0,0,0,0,0,0
1034,0,0,0,0,0,0,0
1035,0,0,0,0,0,0,0
1036,0,0,0,0,0,0,0
1037,0,0,0,0,0,0,0
1038,0,0,0,0,0,0,0
1039,0,0,0,0,0,0,0
1040,0,0,0,0,0,0,0
1041,0,0,0,0,0,0,0
1042,0,0,0,0,0,0,0
1043,0,0,0,0,0,0,0
1044,0,0,0,0,0,0,0
1045,0,0,0,0,0,0,0
1046,0,0,0,0,0,0,0
1047,0,0,0,0,0,0,0
1048,0,0,0,0,0,0,0
1049,0,0,0,0,0,0,0
1050,0,0,0,0,0,0,0
1051,0,0,0,0,0,0,0
1052,0,0,0,0,0,0,0
1053,0,0,0,0,0,0,0
1054,0,0,0,0,0,0,0
1055,0,0,0,0,0,0,0
1056,0,0,0,0,0,0,0
1057,0,0,0,0,0,0,0
1058,0,0,0,0,0,0,0
1059,0,0,0,0,0,0,0
1060,0,0,0,0,0,0,0
1061,0,0,0,0,0,0,0
1062,0,0,0,0,0,0,0
1063,0,0,0,0,0,0,0
1064,0,0,0,0,0,0,0
1065,0,0,0,0,0,0,0
1066,0,0,0,0,0,0,0
1067,0,0,0,0,0,0,0
1068,0,0,0,0,0,0,0
1069,0,0,0,0,0,0,0
1070,1,3,7,44,5,0,6
1071,1,2,6,44,6,0,8
1072,0,4,8,41,6,0,5
1073,3,4,4,47,4,0,5
1074,0,7,5,44,6,0,4
1075,0,6,9,39,8,0,2
1076,0,5,6,41,8,0,4
1077,1,3,9,42,4,0,6
1078,2,5,6,39,4,0,7
1079,1,4,6,42,6,0,4
1080,0,0,0,0,0,0,0
1081,0,0,0,0,0,0,0
1082,0,0,0,0,0,0,0
1083,0,0,0,0,0,0,0
1084,0,0,0,0,0,0,0
1085,0,0,0,0,0,0,0
1086,0,0,0,0,0,0,0
1087,0,0,0,0,0,0,0
1088,0,0,0,0,0,0,0
1089,0,0,0,0,0,0,0
1090,0,0,0,0,0,0,0
1091,0,0,0,0,0,0,0
1092,0,0,0,0,0,0,0
1093,0,0,0,0,0,0,0
1094,0,0,0,0,0,0,0
1095,0,0,0,0,0,0,0
1096,0,0,0,0,0,0,0
1097,0,0,0,0,0,0,0
1098,0,0,0,0,0,0,0
1099,0,0,0,0,0,0,0
1100,0,0,0,0,0,0,0
1101,0,0,0,0,0,0,0
1102,0,0,0,0,0,0,0
1103,0,0,0,0,0,0,0
1104,0,0,0,0,0,0,0
1105,0,0,0,0,0,0,0
1106,0,0,0,0,0,0,0
1107,0,0,0,0,0,0,0
1108,0,0,0,0,0,0,0
1109,0,0,0,0,0,0,0
1110,0,0,0,0,0,0,0
1111,0,0,0,0,0,0,0
1112,0,0,0,0,0,0,0
1113,0,0,0,0,0,0,0
1114,0,0,0,0,0,0,0
1115,0,0,0,0,0,0,0
1116,0,0,0,0,0,0,0
1117,0,0,0,0,0,0,0
1118,0,0,0,0,0,0,0
1119,0,0,0,0,0,0,0
1120,0,0,0,0,0,0,0
1121,0,0,0,0,0,0,0
1122,0,0,0,0,0,0,0
1123,0,0,0,0,0,0,0
1124,0,0,0,0,0,0,0
1125,0,0,0,0,0,0,0
1126,0,0,0,0,0,0,0
1127,0,0,0,0,0,0,0
1128,0,0,0,0,0,0,0
1129,0,0,0,0,0,0,0
1130,0,0,0,0,0,0,0
1131,0,0,0,0,0,0,0
1132,0,0,0,0,0,0,0
1133,0,0,0,0,0,0,0
1134,0,0,0,0,0,0,0
1135,0,0,0,0,0,0,0
1136,0,0,0,0,0,0,0
1137,0,0,0,0,0,0,0
1138,0,0,0,0,0,0,0
1139,1,1,12,33,7,0,4
1140,1,1,12,36,8,0,4
1141,1,4,6,34,9,0,4
1142,0,5,9,36,8,0,3
1143,0,4,10,41,6,0,6
1144,0,7,7,42,7,0,3
1145,0,2,14,29,8,0,3
1146,0,3,12,30,8,0,3
1147,0,4,11,39,6,0,3
1148,2,2,9,44,7,0,5
1149,0,2,9,40,7,0,5
1150,0,2,8,41,6,0,5
1151,0,0,0,0,0,0,0
1152,0,0,0,0,0,0,0
1153,0,0,0,0,0,0,0
1154,0,0,0,0,0,0,0
1155,0,0,0,0,0,0,0
1156,0,0,0,0,0,0,0
1157,0,0,0,0,0,0,0
1158,0,0,0,0,0,0,0
1159,0,0,0,0,0,0,0
1160,0,0,0,0,0,0,0
1161,0,0,0,0,0,0,0
1162,0,0,0,0,0,0,0
1163,0,0,0,0,0,0,0
1164,0,0,0,0,0,0,0
1165,0,0,0,0,0,0,0
1166,0,0,0,0,0,0,0
1167,0,0,0,0,0,0,0
1168,0,0,0,0,0,0,0
1169,0,0,0,0,0,0,0
1170,0,0,0,0,0,0,0
1171,0,0,0,0,0,0,0
1172,0,0,0,0,0,0,0
1173,0,0,0,0,0,0,0
1174,0,0,0,0,0,0,0
1175,0,0,0,0,0,0,0
1176,0,0,0,0,0,0,0
1177,0,0,0,0,0,0,0
1178,0,0,0,0,0,0,0
1179,0,0,0,0,0,0,0
1180,0,0,0,0,0,0,0
1181,0,0,0,0,0,0,0
1182,0,0,0,0,0,0,0
1183,0,0,0,0,0,0,0
1184,0,0,0,0,0,0,0
1185,0,0,0,0,0,0,0
1186,0,0,0,0,0,0,0
1187,0,0,0,0,0,0,0
1188,0,0,0,0,0,0,0
1189,0,0,0,0,0,0,0
1190,0,0,0,0,0,0,0
1191,0,0,0,0,0,0,0
1192,0,0,0,0,0,0,0
1193,0,0,0,0,0,0,0
1194,0,0,0,0,0,0,0
1195,0,0,0,0,0,0,0
1196,0,0,0,0,0,0,0
1197,0,0,0,0,0,0,0
1198,0,0,0,0,0,0,0
1199,0,0,0,0,0,0,0
1200,0,0,0,0,0,0,0
1201,0,0,0,0,0,0,0
1202,0,0,0,0,0,0,0
1203,0,0,0,0,0,0,0
1204,0,0,0,0,0,0,0
1205,0,0,0,0,0,0,0
1206,0,0,0,0,0,0,0
1207,0,0,0,0,0,0,0
1208,0,0,0,0,0,0,0
1209,1,1,11,42,7,0,2
1210,2,3,9,44,4,0,6
1211,0,4,13,34,7,0,1
1212,0,7,6,39,7,0,3
1213,0,8,8,36,6,0,4
1214,0,3,7,39,10,0,3
1215,0,2,10,38,5,0,3
1216,0,2,8,36,8,0,4
1217,1,3,6,41,6,0,8
1218,0,3,5,47,10,0,3
1219,1,0,9,42,8,0,4
1220,0,0,0,0,0,0,0
1221,0,0,0,0,0,0,0
1222,0,0,0,0,0,0,0
1223,0,0,0,0,0,0,0
1224,0,0,0,0,0,0,0
1225,0,0,0,0,0,0,0
1226,0,0,0,0,0,0,0
1227,0,0,0,0,0,0,0
1228,0,0,0,0,0,0,0
1229,0,0,0,0,0,0,0
1230,0,0,0,0,0,0,0
1231,0,0,0,0,0,0,0
1232,0,0,0,0,0,0,0
1233,0,0,0,0,0,0,0
1234,0,0,0,0,0,0,0
1235,0,0,0,0,0,0,0
1236,0,0,0,0,0,0,0
1237,0,0,0,0,0,0,0
1238,0,0,0,0,0,0,0
1239,0,0,0,0,0,0,0
1240,0,0,0,0,0,0,0
1241,0,0,0,0,0,0,0
1242,0,0,0,0,0,0,0
1243,0,0,0,0,0,0,0
1244,0,0,0,0,0,0,0
1245,0,0,0,0,0,0,0
1246,0,0,0,0,0,0,0
1247,0,0,0,0,0,0,0
1248,0,0,0,0,0,0,0
1249,0,0,0,0,0,0,0
1250,0,0,0,0,0,0,0
1251,0,0,0,0,0,0,0
1252,0,0,0,0,0,0,0
1253,0,0,0,0,0,0,0
1254,0,0,0,0,0,0,0
1255,0,0,0,0,0,0,0
1256,0,0,0,0,0,0,0
1257,0,0,0,0,0,0,0
1258,0,0,0,0,0,0,0
1259,0,0,0,0,0,0,0
1260,0,0,0,0,0,0,0
1261,0,0,0,0,0,0,0
1262,0,0,0,0,0,0,0
1263,0,0,0,0,0,0,0
1264,0,0,0,0,0,0,0
1265,0,0,0,0,0,0,0
1266,0,0,0,0,0,0,0
1267,0,0,0,0,0,0,0
1268,0,0,0,0,0,0,0
1269,0,0,0,0,0,0,0
1270,0,0,0,0,0,0,0
1271,0,0,0,0,0,0,0
1272,0,0,0,0,0,0,0
1273,0,0,0,0,0,0,0
1274,0,0,0,0,0,0,0
1275,0,0,0,0,0,0,0
1276,0,0,0,0,0,0,0
1277,0,0,0,0,0,0,0
1278,0,0,0,0,0,0,0
1279,1,2,10,43,4,0,5
1280,2,4,5,51,5,0,2
1281,1,5,8,44,3,0,2
1282,1,7,5,43,4,0,4
1283,1,6,4,45,5,0,4
1284,0,3,7,39,9,0,2
1285,0,6,7,39,7,0,3
1286,1,3,6,43,5,0,5
1287,1,2,9,41,3,0,7
1288,1,2,7,38,8,0,6
1289,1,1,6,42,9,0,4
1290,0,0,0,0,0,0,0
1291,0,0,0,0,0,0,0
1292,0,0,0,0,0,0,0
1293,0,0,0,0,0,0,0
1294,0,0,0,0,0,0,0
1295,0,0,0,0,0,0,0
1296,0,0,0,0,0,0,0
1297,0,0,0,0,0,0,0
1298,0,0,0,0,0,0,0
1299,0,0,0,0,0,0,0
1300,0,0,0,0,0,0,0
1301,0,0,0,0,0,0,0
1302,0,0,0,0,0,0,0
1303,0,0,0,0,0,0,0
1304,0,0,0,0,0,0,0
1305,0,0,0,0,0,0,0
1306,0,0,0,0,0,0,0
1307,0,0,0,0,0,0,0
1308,0,0,0,0,0,0,0
1309,0,0,0,0,0,0,0
1310,0,0,0,0,0,0,0
1311,0,0,0,0,0,0,0
1312,0,0,0,0,0,0,0
1313,0,0,0,0,0,0,0
1314,0,0,0,0,0,0,0
1315,0,0,0,0,0,0,0
1316,0,0,0,0,0,0,0
1317,0,0,0,0,0,0,0
1318,0,0,0,0,0,0,0
1319,0,0,0,0,0,0,0
1320,0,0,0,0,0,0,0
1321,0,0,0,0,0,0,0
1322,0,0,0,0,0,0,0
1323,0,0,0,0,0,0,0
1324,0,0,0,0,0,0,0
1325,0,0,0,0,0,0,0
1326,0,0,0,0,0,0,0
1327,0,0,0,0,0,0,0
1328,0,0,0,0,0,0,0
1329,0,0,0,0,0,0,0
1330,0,0,0,0,0,0,0
1331,0,0,0,0,0,0,0
1332,0,0,0,0,0,0,0
1333,0,0,0,0,0,0,0
1334,0,0,0,0,0,0,0
1335,0,0,0,0,0,0,0
1336,0,0,0,0,0,0,0
1337,0,0,0,0,0,0,0
1338,0,0,0,0,0,0,0
1339,0,0,0,0,0,0,0
1340,0,0,0,0,0,0,0
1341,0,0,0,0,0,0,0
1342,0,0,0,0,0,0,0
1343,0,0,0,0,0,0,0
1344,0,0,0,0,0,0,0
1345,0,0,0,0,0,0,0
1346,0,0,0,0,0,0,0
1347,0,0,0,0,0,0,0
1348,0,4,8,48,3,0,7
1349,0,3,7,47,6,0,5
1350,0,6,5,54,1,0,5
1351,0,5,8,44,3,0,4
1352,2,4,9,45,2,0,5
1353,1,1,11,39,8,0,3
1354,0,4,6,39,8,0,3
1355,0,6,2,36,12,0,3
1356,0,4,5,45,4,0,6
1357,1,2,6,50,3,0,8
1358,0,1,8,39,9,0,5
1359,0,4,6,39,8,0,5
1360,0,0,0,0,0,0,0
1361,0,0,0,0,0,0,0
1362,0,0,0,0,0,0,0
1363,0,0,0,0,0,0,0
1364,0,0,0,0,0,0,0
1365,0,0,0,0,0,0,0
1366,0,0,0,0,0,0,0
1367,0,0,0,0,0,0,0
1368,0,0,0,0,0,0,0
1369,0,0,0,0,0,0,0
1370,0,0,0,0,0,0,0
1371,0,0,0,0,0,0,0
1372,0,0,0,0,0,0,0
1373,0,0,0,0,0,0,0
1374,0,0,0,0,0,0,0
1375,0,0,0,0,0,0,0
1376,0,0,0,0,0,0,0
1377,0,0,0,0,0,0,0
1378,0,0,0,0,0,0,0
1379,0,0,0,0,0,0,0
1380,0,0,0,0,0,0,0
1381,0,0,0,0,0,0,0
1382,0,0,0,0,0,0,0
1383,0,0,0,0,0,0,0
1384,0,0,0,0,0,0,0
1385,0,0,0,0,0,0,0
1386,0,0,0,0,0,0,0
1387,0,0,0,0,0,0,0
1388,0,0,0,0,0,0,0
1389,0,0,0,0,0,0,0
1390,0,0,0,0,0,0,0
1391,0,0,0,0,0,0,0
1392,0,0,0,0,0,0,0
1393,0,0,0,0,0,0,0
1394,0,0,0,0,0,0,0
1395,0,0,0,0,0,0,0
1396,0,0,0,0,0,0,0
1397,0,0,0,0,0,0,0
1398,0,0,0,0,0,0,0
1399,0,0,0,0,0,0,0
1400,0,0,0,0,0,0,0
1401,0,0,0,0,0,0,0
1402,0,0,0,0,0,0,0
1403,0,0,0,0,0,0,0
1404,0,0,0,0,0,0,0
1405,0,0,0,0,0,0,0
1406,0,0,0,0,0,0,0
1407,0,0,0,0,0,0,0
1408,0,0,0,0,0,0,0
1409,0,0,0,0,0,0,0
1410,0,0,0,0,0,0,0
1411,0,0,0,0,0,0,0
1412,0,0,0,0,0,0,0
1413,0,0,0,0,0,0,0
1414,0,0,0,0,0,0,0
1415,0,0,0,0,0,0,0
1416,0,0,0,0,0,0,0
1417,0,0,0,0,0,0,0
1418,0,3,7,45,7,0,5
1419,0,4,6,52,2,0,8
1420,0,5,8,45,3,0,5
1421,1,6,7,46,6,0,2
1422,1,5,8,43,6,0,4
1423,1,3,7,38,9,0,5
1424,0,2,7,42,8,0,7
1425,0,6,3,39,7,0,2
1426,0,4,7,44,4,0,8
1427,0,5,4,52,3,0,8
1428,0,5,5,47,5,0,7
1429,0,4,7,40,10,0,3
1430,0,0,0,0,0,0,0
1431,0,0,0,0,0,0,0
1432,0,0,0,0,0,0,0
1433,0,0,0,0,0,0,0
1434,0,0,0,0,0,0,0
1435,0,0,0,0,0,0,0
1436,0,0,0,0,0,0,0
1437,0,0,0,0,0,0,0
1438,0,0,0,0,0,0,0
1439,0,0,0,0,0,0,0
1440,0,0,0,0,0,0,0
1441,0,0,0,0,0,0,0
1442,0,0,0,0,0,0,0
1443,0,0,0,0,0,0,0
1444,0,0,0,0,0,0,0
1445,0,0,0,0,0,0,0
1446,0,0,0,0,0,0,0
1447,0,0,0,0,0,0,0
1448,0,0,0,0,0,0,0
1449,0,0,0,0,0,0,0
1450,0,0,0,0,0,0,0
1451,0,0,0,0,0,0,0
1452,0,0,0,0,0,0,0
1453,0,0,0,0,0,0,0
1454,0,0,0,0,0,0,0
1455,0,0,0,0,0,0,0
1456,0,0,0,0,0,0,0
1457,0,0,0,0,0,0,0
1458,0,0,0,0,0,0,0
1459,0,0,0,0,0,0,0
1460,0,0,0,0,0,0,0
1461,0,0,0,0,0,0,0
1462,0,0,0,0,0,0,0
1463,0,0,0,0,0,0,0
1464,0,0,0,0,0,0,0
1465,0,0,0,0,0,0,0
1466,0,0,0,0,0,0,0
1467,0,0,0,0,0,0,0
1468,0,0,0,0,0,0,0
1469,0,0,0,0,0,0,0
1470,0,0,0,0,0,0,0
1471,0,0,0,0,0,0,0
1472,0,0,0,0,0,0,0
1473,0,0,0,0,0,0,0
1474,0,0,0,0,0,0,0
1475,0,0,0,0,0,0,0
1476,0,0,0,0,0,0,0
1477,0,0,0,0,0,0,0
1478,0,0,0,0,0,0,0
1479,0,0,0,0,0,0,0
1480,0,0,0,0,0,0,0
1481,0,0,0,0,0,0,0
1482,0,0,0,0,0,0,0
1483,0,0,0,0,0,0,0
1484,0,0,0,0,0,0,0
1485,0,0,0,0,0,0,0
1486,0,0,0,0,0,0,0
1487,3,1,6,45,9,0,3
1488,2,3,3,57,3,0,6
1489,0,2,7,49,4,0,6
1490,0,3,7,50,6,0,4
1491,1,6,6,44,7,0,3
1492,0,4,8,39,8,0,3
1493,0,5,7,39,5,0,7
1494,0,3,8,37,8,0,5
1495,2,3,6,42,5,0,7
1496,1,4,5,45,6,0,5
1497,1,5,5,49,3,0,6
1498,1,4,5,49,5,0,6
1499,0,5,7,40,7,0,4
1500,0,6,7,40,8,0,2
1501,0,0,0,0,0,0,0
1502,0,0,0,0,0,0,0
1503,0,0,0,0,0,0,0
1504,0,0,0,0,0,0,0
1505,0,0,0,0,0,0,0
1506,0,0,0,0,0,0,0
1507,0,0,0,0,0,0,0
1508,0,0,0,0,0,0,0
1509,0,0,0,0,0,0,0
1510,0,0,0,0,0,0,0
1511,0,0,0,0,0,0,0
1512,0,0,0,0,0,0,0
1513,0,0,0,0,0,0,0
1514,0,0,0,0,0,0,0
1515,0,0,0,0,0,0,0
1516,0,0,0,0,0,0,0
1517,0,0,0,0,0,0,0
1518,0,0,0,0,0,0,0
1519,0,0,0,0,0,0,0
1520,0,0,0,0,0,0,0
1521,0,0,0,0,0,0,0
1522,0,0,0,0,0,0,0
1523,0,0,0,0,0,0,0
1524,0,0,0,0,0,0,0
1525,0,0,0,0,0,0,0
1526,0,0,0,0,0,0,0
1527,0,0,0,0,0,0,0
1528,0,0,0,0,0,0,0
1529,0,0,0,0,0,0,0
1530,0,0,0,0,0,0,0
1531,0,0,0,0,0,0,0
1532,0,0,0,0,0,0,0
1533,0,0,0,0,0,0,0
1534,0,0,0,0,0,0,0
1535,0,0,0,0,0,0,0
1536,0,0,0,0,0,0,0
1537,0,0,0,0,0,0,0
1538,0,0,0,0,0,0,0
1539,0,0,0,0,0,0,0
1540,0,0,0,0,0,0,0
1541,0,0,0,0,0,0,0
1542,0,0,0,0,0,0,0
1543,0,0,0,0,0,0,0
1544,0,0,0,0,0,0,0
1545,0,0,0,0,0,0,0
1546,0,0,0,0,0,0,0
1547,0,0,0,0,0,0,0
1548,0,0,0,0,0,0,0
1549,0,0,0,0,0,0,0
1550,0,0,0,0,0,0,0
1551,0,0,0,0,0,0,0
1552,0,0,0,0,0,0,0
1553,0,0,0,0,0,0,0
1554,0,0,0,0,0,0,0
1555,0,0,0,0,0,0,0
1556,0,0,0,0,0,0,0
1557,3,2,6,51,5,0,4
1558,2,4,3,49,8,0,4
1559,1,3,3,52,8,0,5
1560,0,5,7,46,6,0,4
1561,0,5,6,44,7,0,2
1562,0,4,7,40,7,0,4
1563,0,7,4,43,3,0,6
1564,1,3,5,42,8,0,6
1565,0,3,6,42,8,0,4
1566,2,2,7,37,9,0,5
1567,2,4,3,48,7,0,5
1568,0,5,7,43,10,0,2
1569,0,7,7,42,6,0,2
1570,0,4,8,42,6,0,1
1571,0,3,8,46,5,0,2
1572,0,0,0,0,0,0,0
1573,0,0,0,0,0,0,0
1574,0,0,0,0,0,0,0
1575,0,0,0,0,0,0,0
1576,0,0,0,0,0,0,0
1577,0,0,0,0,0,0,0
1578,0,0,0,0,0,0,0
1579,0,0,0,0,0,0,0
1580,0,0,0,0,0,0,0
1581,0,0,0,0,0,0,0
1582,0,0,0,0,0,0,0
1583,0,0,0,0,0,0,0
1584,0,0,0,0,0,0,0
1585,0,0,0,0,0,0,0
1586,0,0,0,0,0,0,0
1587,0,0,0,0,0,0,0
1588,0,0,0,0,0,0,0
1589,0,0,0,0,0,0,0
1590,0,0,0,0,0,0,0
1591,0,0,0,0,0,0,0
1592,0,0,0,0,0,0,0
1593,0,0,0,0,0,0,0
1594,0,0,0,0,0,0,0
1595,0,0,0,0,0,0,0
1596,0,0,0,0,0,0,0
1597,0,0,0,0,0,0,0
1598,0,0,0,0,0,0,0
1599,0,0,0,0,0,0,0
1600,0,0,0,0,0,0,0
1601,0,0,0,0,0,0,0
1602,0,0,0,0,0,0,0
1603,0,0,0,0,0,0,0
1604,0,0,0,0,0,0,0
1605,0,0,0,0,0,0,0
1606,0,0,0,0,0,0,0
1607,0,0,0,0,0,0,0
1608,0,0,0,0,0,0,0
1609,0,0,0,0,0,0,0
1610,0,0,0,0,0,0,0
1611,0,0,0,0,0,0,0
1612,0,0,0,0,0,0,0
1613,0,0,0,0,0,0,0
1614,0,0,0,0,0,0,0
1615,0,0,0,0,0,0,0
1616,0,0,0,0,0,0,0
1617,0,0,0,0,0,0,0
1618,0,0,0,0,0,0,0
1619,0,0,0,0,0,0,0
1620,0,0,0,0,0,0,0
1621,0,0,0,0,0,0,0
1622,0,0,0,0,0,0,0
1623,0,0,0,0,0,0,0
1624,0,0,0,0,0,0,0
1625,0,0,0,0,0,0,0
1626,0,0,0,0,0,0,0
1627,2,2,8,52,5,0,4
1628,1,4,6,45,11,0,2
1629,2,2,6,45,8,0,4
1630,2,3,7,47,5,0,4
1631,0,3,6,41,9,0,3
1632,0,4,8,42,3,0,6
1633,1,5,5,44,4,0,5
1634,2,4,7,40,6,0,5
1635,2,3,4,44,6,0,6
1636,1,5,5,44,7,0,3
1637,2,4,3,46,7,0,5
1638,2,6,5,49,4,0,4
1639,0,6,6,47,4,0,3
1640,0,5,8,40,6,0,2
1641,1,3,7,42,8,0,1
1642,1,0,12,34,8,0,4
1643,0,4,7,40,7,0,2
1644,0,4,8,38,6,0,4
1645,0,0,0,0,0,0,0
1646,0,0,0,0,0,0,0
1647,0,0,0,0,0,0,0
1648,0,0,0,0,0,0,0
1649,0,0,0,0,0,0,0
1650,0,0,0,0,0,0,0
1651,0,0,0,0,0,0,0
1652,0,0,0,0,0,0,0
1653,0,0,0,0,0,0,0
1654,0,0,0,0,0,0,0
1655,0,0,0,0,0,0,0
1656,0,0,0,0,0,0,0
1657,0,0,0,0,0,0,0
1658,0,0,0,0,0,0,0
1659,0,0,0,0,0,0,0
1660,0,0,0,0,0,0,0
1661,0,0,0,0,0,0,0
1662,0,0,0,0,0,0,0
1663,0,0,0,0,0,0,0
1664,0,0,0,0,0,0,0
1665,0,0,0,0,0,0,0
1666,0,0,0,0,0,0,0
1667,0,0,0,0,0,0,0
1668,0,0,0,0,0,0,0
1669,0,0,0,0,0,0,0
1670,0,0,0,0,0,0,0
1671,0,0,0,0,0,0,0
1672,0,0,0,0,0,0,0
1673,0,0,0,0,0,0,0
1674,0,0,0,0,0,0,0
1675,0,0,0,0,0,0,0
1676,0,0,0,0,0,0,0
1677,0,0,0,0,0,0,0
1678,0,0,0,0,0,0,0
1679,0,0,0,0,0,0,0
1680,0,0,0,0,0,0,0
1681,0,0,0,0,0,0,0
1682,0,0,0,0,0,0,0
1683,0,0,0,0,0,0,0
1684,0,0,0,0,0,0,0
1685,0,0,0,0,0,0,0
1686,0,0,0,0,0,0,0
1687,0,0,0,0,0,0,0
1688,0,0,0,0,0,0,0
1689,0,0,0,0,0,0,0
1690,0,0,0,0,0,0,0
1691,0,0,0,0,0,0,0
1692,0,0,0,0,0,0,0
1693,0,0,0,0,0,0,0
1694,0,0,0,0,0,0,0
1695,0,0,0,0,0,0,0
1696,2,4,5,49,6,0,5
1697,1,4,7,49,8,0,3
1698,1,4,4,51,7,0,5
1699,2,3,4,49,8,0,4
1700,2,3,6,46,5,0,6
1701,2,3,5,47,5,0,5
1702,1,3,6,44,3,0,6
1703,1,2,8,41,8,0,4
1704,1,3,6,46,4,0,6
1705,1,4,5,39,6,0,6
1706,2,6,3,43,8,0,4
1707,2,3,10,41,5,0,3
1708,0,4,8,45,6,0,3
1709,0,3,9,38,4,0,6
1710,1,3,5,45,5,0,6
1711,0,2,8,39,8,0,2
1712,1,1,10,44,5,0,4
1713,0,3,7,41,10,0,1
1714,0,3,9,38,8,0,4
1715,0,0,0,0,0,0,0
1716,0,0,0,0,0,0,0
1717,0,0,0,0,0,0,0
1718,0,0,0,0,0,0,0
1719,0,0,0,0,0,0,0
1720,0,0,0,0,0,0,0
1721,0,0,0,0,0,0,0
1722,0,0,0,0,0,0,0
1723,0,0,0,0,0,0,0
1724,0,0,0,0,0,0,0
1725,0,0,0,0,0,0,0
1726,0,0,0,0,0,0,0
1727,0,0,0,0,0,0,0
1728,0,0,0,0,0,0,0
1729,0,0,0,0,0,0,0
1730,0,0,0,0,0,0,0
1731,0,0,0,0,0,0,0
1732,0,0,0,0,0,0,0
1733,0,0,0,0,0,0,0
1734,0,0,0,0,0,0,0
1735,0,0,0,0,0,0,0
1736,0,0,0,0,0,0,0
1737,0,0,0,0,0,0,0
1738,0,0,0,0,0,0,0
1739,0,0,0,0,0,0,0
1740,0,0,0,0,0,0,0
1741,0,0,0,0,0,0,0
1742,0,0,0,0,0,0,0
1743,0,0,0,0,0,0,0
1744,0,0,0,0,0,0,0
1745,0,0,0,0,0,0,0
1746,0,0,0,0,0,0,0
1747,0,0,0,0,0,0,0
1748,0,0,0,0,0,0,0
1749,0,0,0,0,0,0,0
1750,0,0,0,0,0,0,0
1751,0,0,0,0,0,0,0
1752,0,0,0,0,0,0,0
1753,0,0,0,0,0,0,0
1754,0,0,0,0,0,0,0
1755,0,0,0,0,0,0,0
1756,0,0,0,0,0,0,0
1757,0,0,0,0,0,0,0
1758,0,0,0,0,0,0,0
1759,0,0,0,0,0,0,0
1760,0,0,0,0,0,0,0
1761,0,0,0,0,0,0,0
1762,0,0,0,0,0,0,0
1763,0,0,0,0,0,0,0
1764,0,0,0,0,0,0,0
1765,0,0,0,0,0,0,0
1766,2,4,6,48,8,0,3
1767,2,4,6,51,7,0,3
1768,2,4,8,45,6,0,4
1769,2,4,7,47,7,0,2
1770,2,1,6,47,6,0,4
1771,1,3,6,52,3,0,6
1772,2,0,9,43,8,0,3
1773,1,2,9,41,9,0,3
1774,1,5,3,43,10,0,2
1775,1,4,9,39,7,0,4
1776,1,7,7,38,5,0,5
1777,1,7,10,40,4,0,4
1778,1,5,5,44,5,0,3
1779,0,2,7,38,8,0,5
1780,0,3,6,44,10,0,2
1781,0,2,5,48,8,0,5
1782,1,2,9,42,3,0,7
1783,0,4,9,39,8,0,3
1784,1,2,9,38,10,0,4
1785,1,1,9,43,7,0,4
1786,1,2,6,43,7,0,6
1787,0,0,0,0,0,0,0
1788,0,0,0,0,0,0,0
1789,0,0,0,0,0,0,0
1790,0,0,0,0,0,0,0
1791,0,0,0,0,0,0,0
1792,0,0,0,0,0,0,0
1793,0,0,0,0,0,0,0
1794,0,0,0,0,0,0,0
1795,0,0,0,0,0,0,0
1796,0,0,0,0,0,0,0
1797,0,0,0,0,0,0,0
1798,0,0,0,0,0,0,0
1799,0,0,0,0,0,0,0
1800,0,0,0,0,0,0,0
1801,0,0,0,0,0,0,0
1802,0,0,0,0,0,0,0
1803,0,0,0,0,0,0,0
1804,0,0,0,0,0,0,0
1805,0,0,0,0,0,0,0
1806,0,0,0,0,0,0,0
1807,0,0,0,0,0,0,0
1808,0,0,0,0,0,0,0
1809,0,0,0,0,0,0,0
1810,0,0,0,0,0,0,0
1811,0,0,0,0,0,0,0
1812,0,0,0,0,0,0,0
1813,0,0,0,0,0,0,0
1814,0,0,0,0,0,0,0
1815,0,0,0,0,0,0,0
1816,0,0,0,0,0,0,0
1817,0,0,0,0,0,0,0
1818,0,0,0,0,0,0,0
1819,0,0,0,0,0,0,0
1820,0,0,0,0,0,0,0
1821,0,0,0,0,0,0,0
1822,0,0,0,0,0,0,0
1823,0,0,0,0,0,0,0
1824,0,0,0,0,0,0,0
1825,0,0,0,0,0,0,0
1826,0,0,0,0,0,0,0
1827,0,0,0,0,0,0,0
1828,0,0,0,0,0,0,0
1829,0,0,0,0,0,0,0
1830,0,0,0,0,0,0,0
1831,0,0,0,0,0,0,0
1832,0,0,0,0,0,0,0
1833,0,0,0,0,0,0,0
1834,0,0,0,0,0,0,0
1835,0,0,0,0,0,0,0
1836,2,7,4,48,5,0,5
1837,2,3,9,47,9,0,2
1838,4,0,7,47,9,0,3
1839,2,1,9,45,8,0,2
1840,3,1,5,50,8,0,3
1841,3,0,6,54,5,0,3
1842,1,3,8,43,8,0,2
1843,0,2,7,41,8,0,3
1844,1,3,5,40,10,0,3
1845,0,3,6,43,7,0,6
1846,1,2,6,40,8,0,5
1847,1,6,4,46,6,0,5
1848,2,2,6,46,6,0,4
1849,1,3,4,41,11,0,2
1850,1,2,9,39,8,0,3
1851,1,3,8,42,7,0,6
1852,1,1,9,38,10,0,4
1853,1,4,7,41,5,0,6
1854,0,5,6,44,7,0,5
1855,1,1,7,40,10,0,3
1856,1,0,10,40,7,0,3
1857,0,3,7,40,8,0,4
1858,0,0,0,0,0,0,0
1859,0,0,0,0,0,0,0
1860,0,0,0,0,0,0,0
1861,0,0,0,0,0,0,0
1862,0,0,0,0,0,0,0
1863,0,0,0,0,0,0,0
1864,0,0,0,0,0,0,0
1865,0,0,0,0,0,0,0
1866,0,0,0,0,0,0,0
1867,0,0,0,0,0,0,0
1868,0,0,0,0,0,0,0
1869,0,0,0,0,0,0,0
1870,0,0,0,0,0,0,0
1871,0,0,0,0,0,0,0
1872,0,0,0,0,0,0,0
1873,0,0,0,0,0,0,0
1874,0,0,0,0,0,0,0
1875,0,0,0,0,0,0,0
1876,0,0,0,0,0,0,0
1877,0,0,0,0,0,0,0
1878,0,0,0,0,0,0,0
1879,0,0,0,0,0,0,0
1880,0,0,0,0,0,0,0
1881,0,0,0,0,0,0,0
1882,0,0,0,0,0,0,0
1883,0,0,0,0,0,0,0
1884,0,0,0,0,0,0,0
1885,0,0,0,0,0,0,0
1886,0,0,0,0,0,0,0
1887,0,0,0,0,0,0,0
1888,0,0,0,0,0,0,0
1889,0,0,0,0,0,0,0
1890,0,0,0,0,0,0,0
1891,0,0,0,0,0,0,0
1892,0,0,0,0,0,0,0
1893,0,0,0,0,0,0,0
1894,0,0,0,0,0,0,0
1895,0,0,0,0,0,0,0
1896,0,0,0,0,0,0,0
1897,0,0,0,0,0,0,0
1898,0,0,0,0,0,0,0
1899,0,0,0,0,0,0,0
1900,0,0,0,0,0,0,0
1901,0,0,0,0,0,0,0
1902,0,0,0,0,0,0,0
1903,0,0,0,0,0,0,0
1904,0,0,0,0,0,0,0
1905,0,0,0,0,0,0,0
1906,2,6,7,47,5,0,4
1907,2,1,9,45,8,0,4
1908,3,1,6,48,8,0,4
1909,1,4,7,42,8,0,3
1910,3,2,3,45,7,0,5
1911,1,2,7,49,3,0,6
1912,2,3,5,46,7,0,4
1913,1,2,5,43,8,0,4
1914,1,2,6,38,8,0,5
1915,1,2,7,40,10,0,3
1916,1,1,7,43,10,0,3
1917,1,5,7,44,6,0,4
1918,1,5,5,47,6,0,4
1919,1,2,7,40,8,0,6
1920,2,2,7,36,9,0,7
1921,1,4,7,34,10,0,5
1922,2,4,5,39,9,0,4
1923,2,4,5,44,7,0,5
1924,3,3,4,51,3,0,6
1925,3,0,8,41,7,0,2
1926,2,2,6,43,5,0,3
1927,2,1,4,43,9,0,5
1928,0,4,6,41,9,0,4
1929,0,0,0,0,0,0,0
1930,0,0,0,0,0,0,0
1931,0,0,0,0,0,0,0
1932,0,0,0,0,0,0,0
1933,0,0,0,0,0,0,0
1934,0,0,0,0,0,0,0
1935,0,0,0,0,0,0,0
1936,0,0,0,0,0,0,0
1937,0,0,0,0,0,0,0
1938,0,0,0,0,0,0,0
1939,0,0,0,0,0,0,0
1940,0,0,0,0,0,0,0
1941,0,0,0,0,0,0,0
1942,0,0,0,0,0,0,0
1943,0,0,0,0,0,0,0
1944,0,0,0,0,0,0,0
1945,0,0,0,0,0,0,0
1946,0,0,0,0,0,0,0
1947,0,0,0,0,0,0,0
1948,0,0,0,0,0,0,0
1949,0,0,0,0,0,0,0
1950,0,0,0,0,0,0,0
1951,0,0,0,0,0,0,0
1952,0,0,0,0,0,0,0
1953,0,0,0,0,0,0,0
1954,0,0,0,0,0,0,0
1955,0,0,0,0,0,0,0
1956,0,0,0,0,0,0,0
1957,0,0,0,0,0,0,0
1958,0,0,0,0,0,0,0
1959,0,0,0,0,0,0,0
1960,0,0,0,0,0,0,0
1961,0,0,0,0,0,0,0
1962,0,0,0,0,0,0,0
1963,0,0,0,0,0,0,0
1964,0,0,0,0,0,0,0
1965,0,0,0,0,0,0,0
1966,0,0,0,0,0,0,0
1967,0,0,0,0,0,0,0
1968,0,0,0,0,0,0,0
1969,0,0,0,0,0,0,0
1970,0,0,0,0,0,0,0
1971,0,0,0,0,0,0,0
1972,0,0,0,0,0,0,0
1973,0,0,0,0,0,0,0
1974,0,0,0,0,0,0,0
1975,0,0,0,0,0,0,0
1976,2,3,9,46,6,0,3
1977,2,2,7,44,8,0,4
1978,2,3,9,47,6,0,3
1979,1,6,6,36,10,0,3
1980,3,0,9,41,8,0,3
1981,1,2,8,45,4,0,5
1982,2,3,8,39,6,0,5
1983,2,3,7,45,4,0,5
1984,2,1,6,40,5,0,8
1985,1,0,11,42,3,0,6
1986,0,2,8,39,8,0,5
1987,2,1,7,43,6,0,6
1988,2,3,6,43,6,0,5
1989,2,1,5,42,10,0,4
1990,1,5,6,34,12,0,4
1991,3,4,6,39,9,0,4
1992,4,3,4,45,8,0,5
1993,2,4,5,51,4,0,4
1994,2,3,5,52,4,0,3
1995,3,2,5,51,2,0,4
1996,2,2,6,48,3,0,4
1997,1,3,5,47,5,0,4
1998,0,2,6,44,9,0,4
1999,0,3,7,51,3,0,7
2000,0,0,0,0,0,0,0
2001,0,0,0,0,0,0,0
2002,0,0,0,0,0,0,0
2003,0,0,0,0,0,0,0
2004,0,0,0,0,0,0,0
2005,0,0,0,0,0,0,0
2006,0,0,0,0,0,0,0
2007,0,0,0,0,0,0,0
2008,0,0,0,0,0,0,0
2009,0,0,0,0,0,0,0
2010,0,0,0,0,0,0,0
2011,0,0,0,0,0,0,0
2012,0,0,0,0,0,0,0
2013,0,0,0,0,0,0,0
2014,0,0,0,0,0,0,0
2015,0,0,0,0,0,0,0
2016,0,0,0,0,0,0,0
2017,0,0,0,0,0,0,0
2018,0,0,0,0,0,0,0
2019,0,0,0,0,0,0,0
2020,0,0,0,0,0,0,0
2021,0,0,0,0,0,0,0
2022,0,0,0,0,0,0,0
2023,0,0,0,0,0,0,0
2024,0,0,0,0,0,0,0
2025,0,0,0,0,0,0,0
2026,0,0,0,0,0,0,0
2027,0,0,0,0,0,0,0
2028,0,0,0,0,0,0,0
2029,0,0,0,0,0,0,0
2030,0,0,0,0,0,0,0
2031,0,0,0,0,0,0,0
2032,0,0,0,0,0,0,0
2033,0,0,0,0,0,0,0
2034,0,0,0,0,0,0,0
2035,0,0,0,0,0,0,0
2036,0,0,0,0,0,0,0
2037,0,0,0,0,0,0,0
2038,0,0,0,0,0,0,0
2039,0,0,0,0,0,0,0
2040,0,0,0,0,0,0,0
2041,0,0,0,0,0,0,0
2042,0,0,0,0,0,0,0
2043,0,0,0,0,0,0,0
2044,0,0,0,0,0,0,0
2045,2,6,6,55,2,0,3
2046,2,2,9,47,7,0,3
2047,2,3,5,49,8,0,2
2048,3,1,8,45,8,0,2
2049,3,2,8,50,4,0,3
2050,2,3,6,49,4,0,6
2051,2,1,7,37,10,0,4
2052,2,1,6,40,8,0,5
2053,1,4,4,42,8,0,4
2054,1,1,6,34,12,0,5
2055,1,0,6,39,8,0,6
2056,0,3,4,46,5,0,6
2057,2,0,5,46,5,0,8
2058,2,4,5,47,3,0,6
2059,3,2,4,46,8,0,4
2060,2,4,8,44,5,0,6
2061,1,7,5,41,8,0,5
2062,0,7,3,40,9,0,6
2063,0,7,4,47,7,0,5
2064,1,4,5,50,4,0,4
2065,2,3,5,48,4,0,5
2066,3,2,5,44,5,0,4
2067,2,3,3,47,6,0,4
2068,2,1,4,48,6,0,5
2069,1,3,4,47,6,0,5
2070,0,3,4,42,7,0,6
2071,0,0,0,0,0,0,0
2072,0,0,0,0,0,0,0
2073,0,0,0,0,0,0,0
2074,0,0,0,0,0,0,0
2075,0,0,0,0,0,0,0
2076,0,0,0,0,0,0,0
2077,0,0,0,0,0,0,0
2078,0,0,0,0,0,0,0
2079,0,0,0,0,0,0,0
2080,0,0,0,0,0,0,0
2081,0,0,0,0,0,0,0
2082,0,0,0,0,0,0,0
2083,0,0,0,0,0,0,0
2084,0,0,0,0,0,0,0
2085,0,0,0,0,0,0,0
2086,0,0,0,0,0,0,0
2087,0,0,0,0,0,0,0
2088,0,0,0,0,0,0,0
2089,0,0,0,0,0,0,0
2090,0,0,0,0,0,0,0
2091,0,0,0,0,0,0,0
2092,0,0,0,0,0,0,0
2093,0,0,0,0,0,0,0
2094,0,0,0,0,0,0,0
2095,0,0,0,0,0,0,0
2096,0,0,0,0,0,0,0
2097,0,0,0,0,0,0,0
2098,0,0,0,0,0,0,0
2099,0,0,0,0,0,0,0
2100,0,0,0,0,0,0,0
2101,0,0,0,0,0,0,0
2102,0,0,0,0,0,0,0
2103,0,0,0,0,0,0,0
2104,0,0,0,0,0,0,0
2105,0,0,0,0,0,0,0
2106,0,0,0,0,0,0,0
2107,0,0,0,0,0,0,0
2108,0,0,0,0,0,0,0
2109,0,0,0,0,0,0,0
2110,0,0,0,0,0,0,0
2111,0,0,0,0,0,0,0
2112,0,0,0,0,0,0,0
2113,0,0,0,0,0,0,0
2114,0,0,0,0,0,0,0
2115,1,6,8,46,4,0,3
2116,1,7,5,45,8,0,3
2117,0,5,5,51,5,0,4
2118,1,3,8,39,10,0,3
2119,3,2,8,42,5,0,6
2120,3,2,6,43,11,0,3
2121,1,5,6,40,11,0,3
2122,0,5,6,42,6,0,6
2123,1,1,9,43,7,0,6
2124,2,2,5,42,8,0,7
2125,1,2,4,43,7,0,8
2126,1,5,5,45,6,0,6
2127,3,1,9,38,5,0,7
2128,3,2,4,47,8,0,3
2129,2,6,5,46,4,0,6
2130,2,3,8,43,4,0,7
2131,3,3,8,41,4,0,7
2132,0,7,6,43,6,0,5
2133,0,6,4,49,4,0,6
2134,0,4,6,47,4,0,6
2135,0,5,5,45,4,0,6
2136,1,4,5,41,6,0,6
2137,1,3,6,42,4,0,7
2138,2,2,5,49,4,0,5
2139,1,2,2,53,6,0,6
2140,1,2,5,46,7,0,5
2141,2,1,7,48,5,0,3
2142,1,0,6,53,5,0,5
2143,0,0,0,0,0,0,0
2144,0,0,0,0,0,0,0
2145,0,0,0,0,0,0,0
2146,0,0,0,0,0,0,0
2147,0,0,0,0,0,0,0
2148,0,0,0,0,0,0,0
2149,0,0,0,0,0,0,0
2150,0,0,0,0,0,0,0
2151,0,0,0,0,0,0,0
2152,0,0,0,0,0,0,0
2153,0,0,0,0,0,0,0
2154,0,0,0,0,0,0,0
2155,0,0,0,0,0,0,0
2156,0,0,0,0,0,0,0
2157,0,0,0,0,0,0,0
2158,0,0,0,0,0,0,0
2159,0,0,0,0,0,0,0
2160,0,0,0,0,0,0,0
2161,0,0,0,0,0,0,0
2162,0,0,0,0,0,0,0
2163,0,0,0,0,0,0,0
2164,0,0,0,0,0,0,0
2165,0,0,0,0,0,0,0
2166,0,0,0,0,0,0,0
2167,0,0,0,0,0,0,0
2168,0,0,0,0,0,0,0
2169,0,0,0,0,0,0,0
2170,0,0,0,0,0,0,0
2171,0,0,0,0,0,0,0
2172,0,0,0,0,0,0,0
2173,0,0,0,0,0,0,0
2174,0,0,0,0,0,0,0
2175,0,0,0,0,0,0,0
2176,0,0,0,0,0,0,0
2177,0,0,0,0,0,0,0
2178,0,0,0,0,0,0,0
2179,0,0,0,0,0,0,0
2180,0,0,0,0,0,0,0
2181,0,5,5,40,5,0,8
2182,0,0,0,0,0,0,0
2183,0,0,0,0,0,0,0
2184,0,0,0,0,0,0,0
2185,0,0,0,0,0,0,0
2186,0,6,8,43,7,0,2
2187,2,0,8,43,7,0,6
2188,2,4,6,44,8,0,6
2189,3,2,7,46,7,0,5
2190,3,3,4,49,8,0,5
2191,1,6,7,44,6,0,5
2192,0,8,5,41,7,0,4
2193,2,0,10,48,2,0,7
2194,2,1,10,38,8,0,5
2195,1,3,5,41,8,0,6
2196,2,3,6,41,5,0,7
2197,1,4,6,42,4,0,7
2198,2,4,3,44,8,0,3
2199,3,3,6,50,3,0,6
2200,3,3,7,42,4,0,7
2201,3,4,6,40,5,0,7
2202,2,5,4,44,6,0,6
2203,0,5,5,41,8,0,5
2204,0,4,5,41,7,0,7
2205,0,3,5,45,7,0,6
2206,1,3,5,46,5,0,7
2207,0,1,10,38,6,0,7
2208,0,3,5,50,4,0,7
2209,0,3,5,51,4,0,5
2210,1,1,6,48,7,0,3
2211,2,2,7,52,4,0,4
2212,1,2,7,47,5,0,3
2213,1,2,5,51,4,0,4
2214,0,0,0,0,0,0,0
2215,0,0,0,0,0,0,0
2216,0,0,0,0,0,0,0
2217,0,0,0,0,0,0,0
2218,0,0,0,0,0,0,0
2219,0,0,0,0,0,0,0
2220,0,0,0,0,0,0,0
2221,0,0,0,0,0,0,0
2222,0,0,0,0,0,0,0
2223,0,0,0,0,0,0,0
2224,0,0,0,0,0,0,0
2225,0,0,0,0,0,0,0
2226,0,0,0,0,0,0,0
2227,0,0,0,0,0,0,0
2228,0,0,0,0,0,0,0
2229,0,0,0,0,0,0,0
2230,0,0,0,0,0,0,0
2231,0,0,0,0,0,0,0
2232,0,0,0,0,0,0,0
2233,0,0,0,0,0,0,0
2234,0,0,0,0,0,0,0
2235,0,0,0,0,0,0,0
2236,0,0,0,0,0,0,0
2237,0,0,0,0,0,0,0
2238,0,0,0,0,0,0,0
2239,0,0,0,0,0,0,0
2240,0,0,0,0,0,0,0
2241,0,0,0,0,0,0,0
2242,0,0,0,0,0,0,0
2243,0,0,0,0,0,0,0
2244,0,0,0,0,0,0,0
2245,0,0,0,0,0,0,0
2246,0,0,0,0,0,0,0
2247,0,0,0,0,0,0,0
2248,0,0,0,0,0,0,0
2249,0,0,0,0,0,0,0
2250,0,6,5,42,7,0,6
2251,0,4,8,41,7,0,5
2252,0,4,11,34,8,0,4
2253,0,4,10,39,5,0,7
2254,0,0,0,0,0,0,0
2255,1,5,7,40,8,0,3
2256,2,5,6,41,7,0,6
2257,2,2,2,49,9,0,5
2258,2,3,8,38,9,0,4
2259,2,3,7,41,7,0,6
2260,3,3,5,49,5,0,6
2261,2,4,9,40,6,0,5
2262,1,6,8,43,5,0,3
2263,1,2,6,40,11,0,4
2264,2,0,8,40,12,0,5
2265,2,1,7,40,11,0,3
2266,4,1,5,41,8,0,6
2267,1,4,6,36,9,0,6
2268,2,6,5,40,7,0,4
2269,3,4,4,48,3,0,7
2270,3,5,4,44,5,0,7
2271,3,4,6,41,6,0,6
2272,2,2,7,41,7,0,6
2273,3,1,2,44,8,0,7
2274,1,3,4,40,9,0,6
2275,1,2,4,48,7,0,7
2276,2,1,4,45,8,0,7
2277,1,2,6,42,6,0,7
2278,0,2,6,47,6,0,8
2279,1,2,7,45,4,0,7
2280,1,1,8,46,5,0,6
2281,2,2,7,51,2,0,7
2282,1,1,5,55,5,0,5
2283,1,3,6,47,4,0,3
2284,0,0,0,0,0,0,0
2285,0,0,0,0,0,0,0
2286,0,0,0,0,0,0,0
2287,0,0,0,0,0,0,0
2288,0,0,0,0,0,0,0
2289,0,0,0,0,0,0,0
2290,0,0,0,0,0,0,0
2291,0,0,0,0,0,0,0
2292,0,0,0,0,0,0,0
2293,0,0,0,0,0,0,0
2294,0,0,0,0,0,0,0
2295,0,0,0,0,0,0,0
2296,0,0,0,0,0,0,0
2297,0,0,0,0,0,0,0
2298,0,0,0,0,0,0,0
2299,0,0,0,0,0,0,0
2300,0,0,0,0,0,0,0
2301,0,0,0,0,0,0,0
2302,0,0,0,0,0,0,0
2303,0,0,0,0,0,0,0
2304,0,0,0,0,0,0,0
2305,0,0,0,0,0,0,0
2306,0,0,0,0,0,0,0
2307,0,0,0,0,0,0,0
2308,0,0,0,0,0,0,0
2309,0,0,0,0,0,0,0
2310,0,0,0,0,0,0,0
2311,0,0,0,0,0,0,0
2312,0,0,0,0,0,0,0
2313,0,0,0,0,0,0,0
2314,0,0,0,0,0,0,0
2315,0,0,0,0,0,0,0
2316,0,0,0,0,0,0,0
2317,0,0,0,0,0,0,0
2318,0,0,0,0,0,0,0
2319,2,3,9,41,5,0,4
2320,1,4,11,40,6,0,4
2321,2,4,9,43,5,0,4
2322,1,2,10,33,6,0,5
2323,0,5,6,43,9,0,3
2324,0,0,0,0,0,0,0
2325,1,4,4,48,3,0,6
2326,1,4,4,41,6,0,3
2327,1,1,5,46,6,0,5
2328,0,2,10,44,6,0,3
2329,0,2,9,44,6,0,5
2330,2,2,6,37,9,0,5
2331,2,5,6,44,8,0,3
2332,1,5,5,48,5,0,5
2333,1,6,3,42,7,0,5
2334,2,4,5,40,9,0,5
2335,2,3,8,34,6,0,7
2336,3,1,8,38,4,0,9
2337,1,5,6,41,4,0,9
2338,3,3,4,37,8,0,7
2339,4,4,6,41,7,0,6
2340,3,3,8,42,6,0,6
2341,3,3,5,44,7,0,6
2342,3,0,6,46,6,0,6
2343,3,0,4,42,8,0,6
2344,1,3,4,41,9,0,5
2345,1,3,4,46,7,0,7
2346,2,2,3,45,5,0,8
2347,0,2,5,38,6,0,7
2348,0,4,4,41,8,0,6
2349,1,2,6,46,6,0,7
2350,1,2,5,52,5,0,5
2351,2,2,8,49,3,0,6
2352,1,2,5,53,5,0,6
2353,0,2,8,47,7,0,2
2354,1,2,9,45,5,0,3
2355,1,4,6,39,5,0,5
2356,1,4,6,39,8,0,4
2357,2,3,5,40,9,0,4
2358,0,0,0,0,0,0,0
2359,0,0,0,0,0,0,0
2360,0,0,0,0,0,0,0
2361,0,0,0,0,0,0,0
2362,0,0,0,0,0,0,0
2363,0,0,0,0,0,0,0
2364,0,0,0,0,0,0,0
2365,0,0,0,0,0,0,0
2366,0,0,0,0,0,0,0
2367,0,0,0,0,0,0,0
2368,0,0,0,0,0,0,0
2369,0,0,0,0,0,0,0
2370,0,0,0,0,0,0,0
2371,0,0,0,0,0,0,0
2372,0,0,0,0,0,0,0
2373,0,0,0,0,0,0,0
2374,0,0,0,0,0,0,0
2375,0,0,0,0,0,0,0
2376,0,0,0,0,0,0,0
2377,0,0,0,0,0,0,0
2378,0,0,0,0,0,0,0
2379,0,0,0,0,0,0,0
2380,0,0,0,0,0,0,0
2381,0,0,0,0,0,0,0
2382,0,0,0,0,0,0,0
2383,0,0,0,0,0,0,0
2384,0,0,0,0,0,0,0
2385,0,0,0,0,0,0,0
2386,0,0,0,0,0,0,0
2387,0,0,0,0,0,0,0
2388,0,4,6,40,9,0,4
2389,1,3,8,43,9,0,2
2390,1,2,11,48,5,0,3
2391,0,6,5,44,7,0,3
2392,0,4,7,41,7,0,4
2393,0,5,4,48,8,0,3
2394,0,5,6,41,6,0,5
2395,0,5,5,45,5,0,6
2396,0,8,3,41,7,0,6
2397,0,3,9,39,6,0,6
2398,0,1,11,43,4,0,5
2399,0,3,9,44,5,0,3
2400,2,2,8,47,6,0,3
2401,1,5,4,45,7,0,4
2402,1,5,6,41,8,0,3
2403,2,5,3,46,7,0,5
2404,2,6,5,43,8,0,5
2405,1,5,7,37,10,0,5
2406,2,3,10,31,10,0,6
2407,1,5,8,40,6,0,6
2408,2,3,7,44,4,0,7
2409,1,6,5,36,6,0,7
2410,3,4,3,49,6,0,6
2411,4,1,8,43,5,0,7
2412,3,1,4,47,6,0,6
2413,3,0,5,45,6,0,7
2414,1,2,6,44,8,0,6
2415,1,3,4,44,9,0,6
2416,1,3,3,45,7,0,6
2417,1,1,4,45,7,0,6
2418,0,2,6,44,6,0,6
2419,0,4,5,44,7,0,6
2420,2,1,6,44,7,0,6
2421,1,3,7,46,4,0,7
2422,1,1,8,47,7,0,4
2423,1,2,10,43,6,0,4
2424,0,4,7,42,7,0,3
2425,1,5,6,31,11,0,4
2426,1,5,5,37,8,0,6
2427,1,4,5,38,10,0,5
2428,0,0,0,0,0,0,0
2429,0,0,0,0,0,0,0
2430,0,0,0,0,0,0,0
2431,0,0,0,0,0,0,0
2432,0,0,0,0,0,0,0
2433,0,0,0,0,0,0,0
2434,0,0,0,0,0,0,0
2435,0,1,10,40,10,0,4
2436,0,0,0,0,0,0,0
2437,0,0,0,0,0,0,0
2438,0,0,0,0,0,0,0
2439,0,0,0,0,0,0,0
2440,0,0,0,0,0,0,0
2441,0,0,0,0,0,0,0
2442,0,0,0,0,0,0,0
2443,0,0,0,0,0,0,0
2444,0,0,0,0,0,0,0
2445,0,0,0,0,0,0,0
2446,0,0,0,0,0,0,0
2447,0,0,0,0,0,0,0
2448,0,0,0,0,0,0,0
2449,0,0,0,0,0,0,0
2450,0,0,0,0,0,0,0
2451,0,0,0,0,0,0,0
2452,0,0,0,0,0,0,0
2453,0,0,0,0,0,0,0
2454,0,0,0,0,0,0,0
2455,0,0,0,0,0,0,0
2456,0,0,0,0,0,0,0
2457,0,0,0,0,0,0,0
2458,0,0,0,0,0,0,0
2459,0,0,0,0,0,0,0
2460,0,0,0,0,0,0,0
2461,0,6,7,44,8,0,2
2462,0,7,4,50,5,0,4
2463,1,5,4,49,5,0,6
2464,0,6,5,39,9,0,5
2465,0,7,4,37,9,0,5
2466,0,5,6,32,12,0,5
2467,0,5,7,41,4,0,8
2468,0,3,10,37,5,0,6
2469,0,2,10,41,6,0,5
2470,0,4,6,45,9,0,3
2471,2,4,6,45,7,0,3
2472,2,4,9,37,7,0,2
2473,2,5,4,52,5,0,3
2474,1,5,6,44,9,0,4
2475,1,4,7,41,9,0,4
2476,1,4,6,36,8,0,8
2477,0,4,8,36,7,0,6
2478,2,1,8,42,4,0,5
2479,2,4,6,44,4,0,6
2480,3,3,6,38,9,0,4
2481,3,2,5,50,5,0,5
2482,3,0,7,40,8,0,4
2483,3,1,3,47,9,0,5
2484,1,2,6,44,6,0,6
2485,1,2,7,42,6,0,6
2486,1,3,4,49,4,0,7
2487,1,1,6,46,5,0,6
2488,1,1,6,49,4,0,6
2489,2,0,6,43,7,0,6
2490,2,0,8,44,8,0,4
2491,2,1,8,43,7,0,4
2492,2,2,4,52,4,0,6
2493,1,1,6,48,5,0,6
2494,1,3,10,38,7,0,4
2495,0,6,3,42,7,0,4
2496,1,7,4,36,11,0,3
2497,2,0,8,40,9,0,4
2498,0,0,0,0,0,0,0
2499,0,0,0,0,0,0,0
2500,0,0,0,0,0,0,0
2501,0,0,0,0,0,0,0
2502,0,0,0,0,0,0,0
2503,0,0,0,0,0,0,0
2504,0,0,0,0,0,0,0
2505,0,2,12,37,8,0,4
2506,0,0,0,0,0,0,0
2507,0,0,0,0,0,0,0
2508,0,0,0,0,0,0,0
2509,0,0,0,0,0,0,0
2510,0,0,0,0,0,0,0
2511,0,0,0,0,0,0,0
2512,0,0,0,0,0,0,0
2513,0,0,0,0,0,0,0
2514,0,0,0,0,0,0,0
2515,0,0,0,0,0,0,0
2516,0,0,0,0,0,0,0
2517,0,0,0,0,0,0,0
2518,0,0,0,0,0,0,0
2519,0,0,0,0,0,0,0
2520,0,0,0,0,0,0,0
2521,0,0,0,0,0,0,0
2522,0,0,0,0,0,0,0
2523,0,0,0,0,0,0,0
2524,0,0,0,0,0,0,0
2525,0,0,0,0,0,0,0
2526,0,0,0,0,0,0,0
2527,1,5,7,41,6,0,5
2528,0,4,6,48,4,0,5
2529,0,3,7,45,5,0,5
2530,0,5,7,47,2,0,6
2531,0,4,9,43,5,0,4
2532,0,7,7,40,5,0,2
2533,1,4,9,39,4,0,5
2534,0,6,6,39,5,0,3
2535,0,6,5,42,7,0,5
2536,0,4,6,38,9,0,3
2537,0,3,7,40,8,0,3
2538,0,3,10,39,7,0,3
2539,1,5,7,39,8,0,3
2540,2,3,9,36,9,0,3
2541,2,4,7,41,9,0,3
2542,2,3,9,41,8,0,2
2543,1,5,6,41,8,0,2
2544,1,4,5,48,9,0,1
2545,1,4,3,43,9,0,5
2546,1,4,4,42,6,0,7
2547,0,4,6,42,6,0,5
2548,0,4,6,48,3,0,5
2549,1,3,9,43,2,0,6
2550,1,8,4,39,7,0,5
2551,1,4,5,42,8,0,3
2552,2,2,6,44,7,0,4
2553,0,3,5,45,7,0,6
2554,1,3,3,47,7,0,5
2555,1,2,5,47,4,0,6
2556,1,2,5,51,2,0,7
2557,1,0,8,49,3,0,6
2558,1,0,7,50,2,0,7
2559,2,0,6,49,5,0,6
2560,2,1,6,48,7,0,5
2561,2,0,9,41,7,0,6
2562,1,3,5,47,6,0,5
2563,1,2,4,47,7,0,6
2564,1,2,7,42,7,0,5
2565,1,2,10,37,3,0,7
2566,1,1,7,45,6,0,5
2567,0,0,0,0,0,0,0
2568,0,0,0,0,0,0,0
2569,0,0,0,0,0,0,0
2570,0,0,0,0,0,0,0
2571,0,0,0,0,0,0,0
2572,0,0,0,0,0,0,0
2573,0,1,7,41,11,0,3
2574,0,0,0,0,0,0,0
2575,0,1,7,46,8,0,6
2576,0,3,8,37,9,0,4
2577,0,0,0,0,0,0,0
2578,0,0,0,0,0,0,0
2579,0,0,0,0,0,0,0
2580,0,0,0,0,0,0,0
2581,0,0,0,0,0,0,0
2582,0,0,0,0,0,0,0
2583,0,0,0,0,0,0,0
2584,0,0,0,0,0,0,0
2585,0,0,0,0,0,0,0
2586,0,0,0,0,0,0,0
2587,0,0,0,0,0,0,0
2588,0,0,0,0,0,0,0
2589,0,0,0,0,0,0,0
2590,0,0,0,0,0,0,0
2591,0,0,0,0,0,0,0
2592,0,0,0,0,0,0,0
2593,0,0,0,0,0,0,0
2594,0,0,0,0,0,0,0
2595,0,0,0,0,0,0,0
2596,0,4,12,35,9,0,2
2597,0,7,8,40,6,0,3
2598,0,5,5,41,6,0,5
2599,0,4,7,43,6,0,3
2600,0,5,8,41,5,0,3
2601,0,5,6,38,9,0,2
2602,0,7,5,39,6,0,3
2603,0,5,5,39,6,0,4
2604,0,5,7,41,3,0,6
2605,0,5,8,43,2,0,6
2606,1,5,6,43,2,0,6
2607,2,4,7,47,4,0,3
2608,2,4,5,45,6,0,4
2609,0,3,10,38,7,0,2
2610,0,5,11,36,7,0,2
2611,1,6,9,31,8,0,4
2612,1,5,9,41,7,0,2
2613,0,5,8,37,12,0,0
2614,0,5,4,45,9,0,2
2615,0,6,3,43,8,0,4
2616,2,3,3,45,7,0,5
2617,1,4,3,45,8,0,4
2618,0,6,2,49,6,0,4
2619,0,4,5,51,5,0,4
2620,1,3,8,46,6,0,4
2621,2,2,7,40,9,0,4
2622,1,2,6,42,8,0,5
2623,0,1,8,44,7,0,5
2624,0,1,5,48,8,0,6
2625,1,3,4,46,7,0,5
2626,1,0,9,42,5,0,5
2627,1,0,9,43,4,0,6
2628,1,0,8,43,4,0,7
2629,1,1,7,50,2,0,7
2630,1,3,5,48,4,0,7
2631,1,2,7,43,7,0,5
2632,1,2,6,43,7,0,4
2633,0,1,5,41,11,0,5
2634,0,2,6,37,11,0,5
2635,0,4,3,43,8,0,7
2636,0,2,7,35,11,0,3
2637,0,0,0,0,0,0,0
2638,0,0,0,0,0,0,0
2639,0,0,0,0,0,0,0
2640,0,0,0,0,0,0,0
2641,0,0,0,0,0,0,0
2642,1,2,6,43,7,0,7
2643,1,1,6,47,7,0,6
2644,1,1,7,46,8,0,5
2645,1,1,7,43,11,0,4
2646,0,2,9,36,12,0,3
2647,0,0,0,0,0,0,0
2648,0,0,0,0,0,0,0
2649,0,0,0,0,0,0,0
2650,0,0,0,0,0,0,0
2651,0,0,0,0,0,0,0
2652,0,0,0,0,0,0,0
2653,0,0,0,0,0,0,0
2654,0,0,0,0,0,0,0
2655,0,0,0,0,0,0,0
2656,0,0,0,0,0,0,0
2657,0,0,0,0,0,0,0
2658,0,0,0,0,0,0,0
2659,0,0,0,0,0,0,0
2660,0,0,0,0,0,0,0
2661,0,0,0,0,0,0,0
2662,0,0,0,0,0,0,0
2663,0,0,0,0,0,0,0
2664,0,0,0,0,0,0,0
2665,0,0,0,0,0,0,0
2666,0,0,0,0,0,0,0
2667,0,0,0,0,0,0,0
2668,0,6,7,36,6,0,5
2669,0,0,0,0,0,0,0
2670,0,3,10,38,7,0,3
2671,0,0,0,0,0,0,0
2672,0,6,4,45,5,0,4
2673,0,6,6,45,3,0,6
2674,0,6,6,39,5,0,5
2675,1,4,7,41,3,0,6
2676,1,4,5,45,3,0,4
2677,2,2,7,41,5,0,4
2678,2,4,3,40,8,0,4
2679,2,4,5,44,8,0,2
2680,0,6,7,46,6,0,1
2681,0,7,8,35,8,0,3
2682,1,4,9,35,9,0,3
2683,1,4,8,35,9,0,4
2684,1,4,8,35,10,0,3
2685,3,2,4,39,11,0,3
2686,3,2,4,37,12,0,1
2687,2,3,3,44,8,0,4
2688,1,5,2,49,7,0,5
2689,0,4,4,47,7,0,4
2690,0,4,8,44,7,0,2
2691,1,2,9,40,6,0,4
2692,0,3,4,49,7,0,5
2693,0,1,5,46,10,0,4
2694,0,1,6,48,9,0,5
2695,0,1,5,47,8,0,6
2696,1,1,6,47,8,0,3
2697,1,1,7,44,6,0,5
2698,1,0,8,47,1,0,9
2699,1,2,7,47,3,0,8
2700,1,3,4,45,7,0,6
2701,1,4,3,42,8,0,5
2702,1,0,7,42,7,0,4
2703,1,0,6,34,12,0,4
2704,0,2,3,40,11,0,5
2705,1,3,4,37,11,0,4
2706,0,4,5,28,13,0,6
2707,0,0,0,0,0,0,0
2708,0,0,0,0,0,0,0
2709,0,0,0,0,0,0,0
2710,0,0,0,0,0,0,0
2711,0,0,0,0,0,0,0
2712,0,0,0,0,0,0,0
2713,0,0,0,0,0,0,0
2714,0,1,5,42,12,0,5
2715,0,0,10,34,12,0,4
2716,0,2,6,44,9,0,4
2717,1,1,8,46,7,0,4
2718,1,1,6,49,8,0,5
2719,0,0,0,0,0,0,0
2720,0,0,0,0,0,0,0
2721,0,0,0,0,0,0,0
2722,0,0,0,0,0,0,0
2723,0,0,0,0,0,0,0
2724,0,0,0,0,0,0,0
2725,0,0,0,0,0,0,0
2726,0,0,0,0,0,0,0
2727,0,0,0,0,0,0,0
2728,0,0,0,0,0,0,0
2729,0,0,0,0,0,0,0
2730,0,0,0,0,0,0,0
2731,0,0,0,0,0,0,0
2732,0,0,0,0,0,0,0
2733,0,0,0,0,0,0,0
2734,0,0,0,0,0,0,0
2735,0,0,0,0,0,0,0
2736,0,0,0,0,0,0,0
2737,0,0,0,0,0,0,0
2738,0,0,0,0,0,0,0
2739,0,0,0,0,0,0,0
2740,0,0,0,0,0,0,0
2741,0,0,0,0,0,0,0
2742,0,6,5,44,7,0,2
2743,0,5,5,44,9,0,1
2744,0,3,7,41,7,0,3
2745,1,2,9,37,5,0,4
2746,1,2,9,40,4,0,3
2747,2,2,10,41,4,0,4
2748,1,5,6,44,4,0,5
2749,1,5,4,46,5,0,4
2750,1,5,8,47,1,0,5
2751,1,3,10,40,5,0,4
2752,1,4,8,42,5,0,4
2753,1,3,7,46,4,0,5
2754,2,2,6,40,6,0,6
2755,2,2,6,36,11,0,3
2756,2,2,4,40,10,0,3
2757,2,2,2,47,10,0,3
2758,1,2,4,45,9,0,4
2759,0,4,4,46,7,0,5
2760,0,5,5,46,6,0,4
2761,0,4,6,47,7,0,3
2762,1,2,5,49,7,0,4
2763,0,3,3,55,5,0,5
2764,0,2,5,50,7,0,6
2765,0,2,4,46,9,0,5
2766,1,2,7,43,7,0,6
2767,1,3,7,42,9,0,5
2768,1,3,8,39,6,0,6
2769,1,3,7,42,6,0,6
2770,1,3,6,41,6,0,6
2771,2,1,3,49,4,0,7
2772,2,1,3,50,4,0,8
2773,1,2,3,40,11,0,4
2774,0,0,4,37,12,0,5
2775,0,1,4,42,7,0,6
2776,0,0,0,0,0,0,0
2777,0,0,0,0,0,0,0
2778,0,0,0,0,0,0,0
2779,0,0,0,0,0,0,0
2780,0,0,0,0,0,0,0
2781,0,0,0,0,0,0,0
2782,0,0,0,0,0,0,0
2783,0,0,0,0,0,0,0
2784,0,0,0,0,0,0,0
2785,0,1,7,53,4,0,4
2786,0,2,8,47,5,0,4
2787,0,1,5,46,8,0,4
2788,0,1,5,47,9,0,5
2789,0,0,0,0,0,0,0
2790,0,0,0,0,0,0,0
2791,0,0,0,0,0,0,0
2792,0,0,0,0,0,0,0
2793,0,0,0,0,0,0,0
2794,0,0,0,0,0,0,0
2795,0,0,0,0,0,0,0
2796,0,0,0,0,0,0,0
2797,0,0,0,0,0,0,0
2798,0,0,0,0,0,0,0
2799,0,0,0,0,0,0,0
2800,0,0,0,0,0,0,0
2801,0,0,0,0,0,0,0
2802,0,0,0,0,0,0,0
2803,0,0,0,0,0,0,0
2804,0,0,0,0,0,0,0
2805,0,0,0,0,0,0,0
2806,0,0,0,0,0,0,0
2807,0,0,0,0,0,0,0
2808,0,0,0,0,0,0,0
2809,0,0,0,0,0,0,0
2810,0,0,0,0,0,0,0
2811,0,0,0,0,0,0,0
2812,0,6,5,39,8,0,2
2813,0,5,3,42,9,0,2
2814,0,4,3,46,9,0,2
2815,1,3,4,44,7,0,5
2816,1,1,6,45,6,0,6
2817,1,2,10,39,5,0,4
2818,1,3,8,43,7,0,3
2819,1,3,10,41,3,0,5
2820,1,2,12,40,5,0,3
2821,1,3,12,40,4,0,3
2822,1,5,8,43,3,0,4
2823,1,4,9,39,5,0,4
2824,2,2,8,42,6,0,5
2825,2,1,8,44,8,0,3
2826,2,1,5,40,8,0,6
2827,2,1,4,44,9,0,4
2828,1,3,5,45,7,0,4
2829,0,5,4,45,6,0,5
2830,0,4,6,46,7,0,3
2831,0,4,6,46,9,0,3
2832,0,2,9,43,8,0,4
2833,0,2,5,54,4,0,6
2834,0,2,4,53,5,0,7
2835,0,2,5,50,5,0,7
2836,1,1,5,50,5,0,7
2837,1,1,9,41,8,0,3
2838,1,2,8,36,9,0,4
2839,1,2,7,42,7,0,5
2840,1,3,4,45,7,0,6
2841,1,2,5,44,6,0,5
2842,0,2,3,45,11,0,4
2843,0,2,3,45,10,0,6
2844,0,2,4,47,8,0,5
2845,1,0,5,39,10,0,5
2846,0,3,7,43,8,0,6
2847,2,0,7,44,5,0,6
2848,0,0,0,0,0,0,0
2849,0,0,0,0,0,0,0
2850,0,4,5,39,8,0,5
2851,0,1,5,44,10,0,6
2852,0,2,6,45,6,0,7
2853,1,1,6,43,7,0,7
2854,0,1,7,54,3,0,6
2855,0,1,7,52,5,0,4
2856,0,2,7,47,5,0,4
2857,0,3,4,47,7,0,5
2858,1,1,4,47,11,0,4
2859,0,0,0,0,0,0,0
2860,0,0,0,0,0,0,0
2861,0,0,0,0,0,0,0
2862,0,0,0,0,0,0,0
2863,0,0,0,0,0,0,0
2864,0,0,0,0,0,0,0
2865,0,0,0,0,0,0,0
2866,0,0,0,0,0,0,0
2867,0,0,0,0,0,0,0
2868,0,0,0,0,0,0,0
2869,0,0,0,0,0,0,0
2870,0,0,0,0,0,0,0
2871,0,0,0,0,0,0,0
2872,0,0,0,0,0,0,0
2873,0,0,0,0,0,0,0
2874,0,0,0,0,0,0,0
2875,0,0,0,0,0,0,0
2876,0,0,0,0,0,0,0
2877,0,0,0,0,0,0,0
2878,0,0,0,0,0,0,0
2879,0,0,0,0,0,0,0
2880,0,0,0,0,0,0,0
2881,0,4,10,41,4,0,4
2882,0,6,7,42,6,0,3
2883,0,6,2,47,8,0,2
2884,0,8,0,46,7,0,4
2885,0,6,2,46,8,0,4
2886,0,3,8,42,7,0,4
2887,1,3,7,44,6,0,4
2888,1,4,8,45,7,0,2
2889,1,5,8,42,5,0,4
2890,1,3,11,37,6,0,4
2891,1,4,9,40,7,0,3
2892,1,4,10,42,4,0,3
2893,1,6,9,31,8,0,3
2894,2,2,10,35,8,0,3
2895,2,3,6,42,9,0,5
2896,2,2,3,46,9,0,6
2897,2,2,2,48,11,0,4
2898,1,3,3,43,8,0,6
2899,0,5,3,45,5,0,7
2900,0,5,4,49,7,0,4
2901,1,2,6,45,8,0,4
2902,1,1,7,45,7,0,4
2903,0,2,5,48,5,0,7
2904,0,4,5,44,8,0,5
2905,0,3,7,46,4,0,7
2906,0,3,8,41,5,0,5
2907,1,1,8,38,8,0,3
2908,1,2,6,41,7,0,4
2909,1,2,8,42,2,0,9
2910,0,1,9,47,2,0,8
2911,0,1,7,46,8,0,6
2912,0,1,3,49,8,0,7
2913,0,2,7,43,6,0,8
2914,0,2,5,48,6,0,6
2915,1,0,7,46,4,0,8
2916,1,4,5,42,8,0,7
2917,0,0,0,0,0,0,0
2918,0,0,0,0,0,0,0
2919,0,0,0,0,0,0,0
2920,0,5,6,38,9,0,6
2921,2,1,8,39,10,0,4
2922,1,2,5,44,10,0,4
2923,0,2,9,47,4,0,5
2924,0,2,13,49,4,0,2
2925,0,2,9,49,4,0,5
2926,0,0,8,50,7,0,3
2927,0,1,5,45,10,0,3
2928,0,2,4,44,9,0,6
2929,1,1,5,46,7,0,7
2930,0,0,0,0,0,0,0
2931,0,0,0,0,0,0,0
2932,0,0,0,0,0,0,0
2933,0,0,0,0,0,0,0
2934,0,0,0,0,0,0,0
2935,0,0,0,0,0,0,0
2936,0,0,0,0,0,0,0
2937,0,0,0,0,0,0,0
2938,0,0,0,0,0,0,0
2939,0,0,0,0,0,0,0
2940,0,0,0,0,0,0,0
2941,0,0,0,0,0,0,0
2942,0,0,0,0,0,0,0
2943,0,0,0,0,0,0,0
2944,0,0,0,0,0,0,0
2945,0,0,0,0,0,0,0
2946,0,0,0,0,0,0,0
2947,0,0,0,0,0,0,0
2948,0,0,0,0,0,0,0
2949,0,0,0,0,0,0,0
2950,0,2,10,41,6,0,4
2951,0,1,11,42,5,0,5
2952,0,2,12,43,3,0,4
2953,0,3,9,46,4,0,4
2954,0,5,5,46,4,0,5
2955,0,3,8,45,3,0,7
2956,0,3,7,43,6,0,6
2957,1,4,6,44,6,0,5
2958,1,4,5,45,8,0,3
2959,1,4,7,42,9,0,1
2960,1,3,8,40,5,0,6
2961,1,3,11,36,4,0,6
2962,1,3,10,33,5,0,6
2963,1,4,10,32,7,0,4
2964,1,4,5,42,9,0,3
2965,2,4,5,41,10,0,5
2966,2,3,5,44,8,0,6
2967,2,2,2,44,9,0,7
2968,1,3,3,41,9,0,6
2969,0,4,3,45,7,0,5
2970,0,4,5,47,6,0,6
2971,0,3,6,44,7,0,6
2972,0,3,6,44,6,0,7
2973,0,2,5,49,7,0,6
2974,0,3,7,42,7,0,5
2975,0,3,6,47,6,0,4
2976,0,3,6,49,4,0,4
2977,0,3,6,45,6,0,3
2978,0,3,6,41,7,0,3
2979,0,1,9,38,9,0,4
2980,0,2,8,44,6,0,5
2981,0,0,7,45,7,0,6
2982,0,0,10,43,3,0,10
2983,0,2,9,37,10,0,6
2984,0,1,9,40,6,0,8
2985,1,2,9,35,7,0,8
2986,1,1,11,39,5,0,8
2987,0,0,0,0,0,0,0
2988,1,1,7,44,7,0,5
2989,0,5,4,43,8,0,4
2990,0,3,8,39,9,0,3
2991,1,3,8,36,9,0,4
2992,1,2,10,38,8,0,4
2993,1,2,8,37,12,0,2
2994,1,2,8,48,4,0,3
2995,0,4,6,52,4,0,3
2996,0,2,12,39,9,0,2
2997,0,1,7,38,12,0,4
2998,0,2,7,39,10,0,4
2999,0,2,7,36,7,0,7
3000,0,0,0,0,0,0,0
3001,0,0,0,0,0,0,0
3002,0,0,0,0,0,0,0
3003,0,0,0,0,0,0,0
3004,0,0,0,0,0,0,0
3005,0,0,0,0,0,0,0
3006,0,0,0,0,0,0,0
3007,0,0,0,0,0,0,0
3008,0,0,0,0,0,0,0
3009,0,0,0,0,0,0,0
3010,0,0,0,0,0,0,0
3011,0,0,0,0,0,0,0
3012,0,0,0,0,0,0,0
3013,0,0,0,0,0,0,0
3014,0,0,0,0,0,0,0
3015,0,0,0,0,0,0,0
3016,0,0,0,0,0,0,0
3017,0,0,0,0,0,0,0
3018,0,0,0,0,0,0,0
3019,0,2,12,34,7,0,4
3020,0,1,12,38,7,0,3
3021,0,1,12,39,5,0,4
3022,0,1,12,37,6,0,3
3023,0,3,9,43,4,0,3
3024,0,5,8,46,2,0,4
3025,0,4,8,44,5,0,3
3026,0,3,8,45,7,0,3
3027,1,2,6,44,8,0,3
3028,1,2,8,46,4,0,6
3029,1,2,8,41,6,0,6
3030,1,3,7,42,4,0,8
3031,1,3,7,38,4,0,9
3032,1,2,11,33,6,0,6
3033,1,3,9,36,8,0,5
3034,0,4,7,33,11,0,7
3035,2,4,5,40,9,0,5
3036,2,3,3,38,10,0,7
3037,2,3,4,39,9,0,6
3038,0,5,3,35,12,0,5
3039,0,4,4,41,10,0,4
3040,0,4,5,47,8,0,5
3041,0,3,8,45,6,0,6
3042,0,3,7,50,4,0,7
3043,0,2,6,47,6,0,5
3044,0,3,7,42,6,0,5
3045,0,3,7,43,7,0,4
3046,0,3,6,46,8,0,2
3047,0,4,7,41,10,0,1
3048,0,4,6,39,7,0,6
3049,0,3,7,45,5,0,6
3050,1,1,9,40,6,0,6
3051,0,0,0,0,0,0,0
3052,0,0,0,0,0,0,0
3053,0,0,0,0,0,0,0
3054,0,0,0,0,0,0,0
3055,0,0,0,0,0,0,0
3056,1,3,6,42,7,0,6
3057,2,2,7,43,7,0,4
3058,1,3,7,44,7,0,4
3059,0,0,0,0,0,0,0
3060,1,1,11,33,10,0,2
3061,1,2,9,39,8,0,5
3062,1,2,10,37,7,0,5
3063,1,2,8,47,7,0,2
3064,1,3,9,48,5,0,2
3065,1,5,8,41,4,0,4
3066,2,3,7,42,7,0,3
3067,1,2,5,42,10,0,2
3068,0,4,6,38,11,0,2
3069,0,3,12,34,7,0,4
3070,0,4,10,32,6,0,5
3071,0,0,0,0,0,0,0
3072,0,0,0,0,0,0,0
3073,0,0,0,0,0,0,0
3074,0,0,0,0,0,0,0
3075,0,0,0,0,0,0,0
3076,0,0,0,0,0,0,0
3077,0,0,0,0,0,0,0
3078,0,0,0,0,0,0,0
3079,0,0,0,0,0,0,0
3080,0,0,0,0,0,0,0
3081,0,0,0,0,0,0,0
3082,0,0,0,0,0,0,0
3083,0,0,0,0,0,0,0
3084,0,0,0,0,0,0,0
3085,0,0,0,0,0,0,0
3086,0,0,0,0,0,0,0
3087,0,0,0,0,0,0,0
3088,0,0,0,0,0,0,0
3089,0,2,12,36,5,0,5
3090,0,2,13,34,5,0,5
3091,0,3,14,36,3,0,5
3092,0,2,12,36,5,0,4
3093,0,2,10,40,5,0,4
3094,0,4,9,41,6,0,2
3095,0,5,8,42,5,0,2
3096,0,3,8,43,5,0,4
3097,1,3,8,41,5,0,5
3098,1,3,8,41,5,0,5
3099,1,3,8,40,7,0,5
3100,1,4,6,41,7,0,6
3101,1,3,6,38,7,0,7
3102,1,3,5,34,8,0,7
3103,1,2,7,34,10,0,4
3104,1,3,8,39,7,0,6
3105,1,4,5,37,10,0,6
3106,3,2,4,39,9,0,8
3107,1,3,4,42,9,0,6
3108,1,3,5,40,7,0,7
3109,0,5,6,40,11,0,3
3110,0,2,9,38,14,0,1
3111,0,2,9,44,9,0,3
3112,0,1,9,49,7,0,3
3113,0,2,7,47,7,0,4
3114,0,2,8,42,7,0,4
3115,0,2,8,47,6,0,2
3116,0,2,10,41,7,0,3
3117,0,2,8,41,8,0,4
3118,0,3,8,48,2,0,7
3119,0,0,0,0,0,0,0
3120,0,0,0,0,0,0,0
3121,0,0,0,0,0,0,0
3122,0,0,0,0,0,0,0
3123,0,0,0,0,0,0,0
3124,0,0,0,0,0,0,0
3125,0,0,0,0,0,0,0
3126,0,4,6,38,10,0,5
3127,1,4,7,39,8,0,5
3128,0,0,0,0,0,0,0
3129,0,0,0,0,0,0,0
3130,0,0,0,0,0,0,0
3131,0,0,0,0,0,0,0
3132,0,0,0,0,0,0,0
3133,0,0,0,0,0,0,0
3134,1,5,7,48,6,0,2
3135,2,5,6,44,8,0,2
3136,1,5,7,40,7,0,4
3137,1,3,9,38,8,0,3
3138,1,3,10,33,11,0,2
3139,1,3,10,32,10,0,3
3140,0,4,10,30,11,0,2
3141,0,4,11,33,11,0,1
3142,0,0,0,0,0,0,0
3143,0,0,0,0,0,0,0
3144,0,0,0,0,0,0,0
3145,0,0,0,0,0,0,0
3146,0,0,0,0,0,0,0
3147,0,0,0,0,0,0,0
3148,0,0,0,0,0,0,0
3149,0,0,0,0,0,0,0
3150,0,0,0,0,0,0,0
3151,0,0,0,0,0,0,0
3152,0,0,0,0,0,0,0
3153,0,0,0,0,0,0,0
3154,0,0,0,0,0,0,0
3155,0,0,0,0,0,0,0
3156,0,0,0,0,0,0,0
3157,0,0,0,0,0,0,0
3158,0,0,0,0,0,0,0
3159,0,0,0,0,0,0,0
3160,0,1,13,35,6,0,5
3161,0,0,0,0,0,0,0
3162,0,2,13,35,4,0,6
3163,0,3,12,36,6,0,4
3164,1,3,11,38,6,0,4
3165,1,3,7,44,6,0,3
3166,1,1,9,48,4,0,4
3167,1,2,9,46,4,0,4
3168,1,4,9,39,4,0,5
3169,1,5,6,43,4,0,5
3170,1,4,6,42,6,0,5
3171,1,3,8,37,8,0,4
3172,1,3,5,37,10,0,3
3173,1,3,8,37,8,0,5
3174,1,3,6,41,7,0,6
3175,1,4,4,41,7,0,6
3176,0,5,6,42,6,0,8
3177,1,2,6,45,7,0,7
3178,1,2,7,41,9,0,6
3179,0,3,8,39,10,0,5
3180,0,3,8,41,12,0,2
3181,0,1,9,40,11,0,2
3182,0,1,8,43,9,0,4
3183,0,1,8,49,6,0,4
3184,0,2,8,45,5,0,4
3185,0,0,0,0,0,0,0
3186,0,0,0,0,0,0,0
3187,0,0,0,0,0,0,0
3188,0,0,0,0,0,0,0
3189,0,0,0,0,0,0,0
3190,0,0,0,0,0,0,0
3191,0,0,0,0,0,0,0
3192,0,0,0,0,0,0,0
3193,0,0,0,0,0,0,0
3194,0,0,0,0,0,0,0
3195,0,0,0,0,0,0,0
3196,1,6,5,38,9,0,6
3197,1,2,7,46,8,0,5
3198,0,0,0,0,0,0,0
3199,0,0,0,0,0,0,0
3200,0,0,0,0,0,0,0
3201,0,0,0,0,0,0,0
3202,0,0,0,0,0,0,0
3203,2,3,7,53,7,0,2
3204,2,2,6,55,7,0,3
3205,2,2,9,45,8,0,3
3206,2,3,8,46,8,0,2
3207,2,3,8,46,7,0,2
3208,1,3,8,35,13,0,1
3209,1,3,9,32,13,0,1
3210,1,3,9,34,11,0,3
3211,1,3,9,37,10,0,2
3212,0,3,10,39,9,0,2
3213,0,3,9,35,8,0,4
3214,0,0,0,0,0,0,0
3215,0,0,0,0,0,0,0
3216,0,0,0,0,0,0,0
3217,0,0,0,0,0,0,0
3218,0,0,0,0,0,0,0
3219,0,0,0,0,0,0,0
3220,0,0,0,0,0,0,0
3221,0,0,0,0,0,0,0
3222,0,0,0,0,0,0,0
3223,0,0,0,0,0,0,0
3224,0,0,0,0,0,0,0
3225,0,0,0,0,0,0,0
3226,0,0,0,0,0,0,0
3227,0,0,0,0,0,0,0
3228,0,0,0,0,0,0,0
3229,0,0,0,0,0,0,0
3230,0,0,0,0,0,0,0
3231,0,0,0,0,0,0,0
3232,0,0,0,0,0,0,0
3233,0,0,0,0,0,0,0
3234,1,3,8,43,4,0,4
3235,1,2,9,43,4,0,5
3236,1,2,7,42,7,0,3
3237,1,1,10,46,3,0,5
3238,1,3,10,42,4,0,4
3239,1,3,9,40,5,0,4
3240,1,2,10,40,6,0,3
3241,1,3,9,41,4,0,5
3242,1,4,7,39,4,0,7
3243,1,4,5,40,7,0,4
3244,0,7,4,45,4,0,6
3245,0,5,3,44,8,0,5
3246,0,6,4,50,3,0,8
3247,1,3,5,45,7,0,7
3248,1,2,7,41,9,0,5
3249,0,3,6,45,11,0,4
3250,0,1,6,52,7,0,5
3251,0,1,6,51,7,0,4
3252,0,1,6,50,6,0,6
3253,0,0,0,0,0,0,0
3254,0,0,0,0,0,0,0
3255,0,0,0,0,0,0,0
3256,0,0,0,0,0,0,0
3257,0,0,0,0,0,0,0
3258,0,0,0,0,0,0,0
3259,0,0,0,0,0,0,0
3260,0,0,0,0,0,0,0
3261,0,0,0,0,0,0,0
3262,0,0,0,0,0,0,0
3263,0,0,0,0,0,0,0
3264,0,0,0,0,0,0,0
3265,0,0,0,0,0,0,0
3266,0,0,0,0,0,0,0
3267,0,0,0,0,0,0,0
3268,0,0,0,0,0,0,0
3269,0,0,0,0,0,0,0
3270,0,0,0,0,0,0,0
3271,0,0,0,0,0,0,0
3272,0,0,0,0,0,0,0
3273,0,0,0,0,0,0,0
3274,0,0,0,0,0,0,0
3275,0,0,0,0,0,0,0
3276,0,5,5,52,7,0,2
3277,1,4,8,43,6,0,3
3278,1,3,9,39,7,0,2
3279,2,1,8,38,9,0,2
3280,1,3,7,37,11,0,2
3281,1,4,9,34,10,0,1
3282,0,4,8,34,11,0,3
3283,0,2,9,38,9,0,3
3284,0,1,8,48,7,0,5
3285,0,0,0,0,0,0,0
3286,0,0,0,0,0,0,0
3287,0,0,0,0,0,0,0
3288,0,0,0,0,0,0,0
3289,0,0,0,0,0,0,0
3290,0,0,0,0,0,0,0
3291,0,0,0,0,0,0,0
3292,0,0,0,0,0,0,0
3293,0,0,0,0,0,0,0
3294,0,0,0,0,0,0,0
3295,0,0,0,0,0,0,0
3296,0,0,0,0,0,0,0
3297,0,0,0,0,0,0,0
3298,0,0,0,0,0,0,0
3299,0,0,0,0,0,0,0
3300,0,0,0,0,0,0,0
3301,0,0,0,0,0,0,0
3302,0,0,0,0,0,0,0
3303,0,0,0,0,0,0,0
3304,0,0,0,0,0,0,0
3305,0,4,6,44,7,0,1
3306,1,2,7,46,5,0,2
3307,1,2,9,46,4,0,3
3308,1,2,9,48,3,0,4
3309,1,4,6,48,3,0,4
3310,1,2,8,43,6,0,3
3311,1,3,7,42,6,0,3
3312,1,3,8,39,6,0,4
3313,0,5,6,40,5,0,5
3314,0,7,6,44,2,0,6
3315,0,7,5,40,7,0,5
3316,0,7,6,39,7,0,6
3317,0,5,4,43,9,0,5
3318,0,3,7,48,8,0,3
3319,0,2,6,51,7,0,6
3320,0,0,7,54,5,0,5
3321,0,0,0,0,0,0,0
3322,0,0,0,0,0,0,0
3323,0,0,0,0,0,0,0
3324,0,0,0,0,0,0,0
3325,0,0,0,0,0,0,0
3326,0,0,0,0,0,0,0
3327,0,0,0,0,0,0,0
3328,0,0,0,0,0,0,0
3329,0,0,0,0,0,0,0
3330,0,0,0,0,0,0,0
3331,0,0,0,0,0,0,0
3332,0,0,0,0,0,0,0
3333,0,0,0,0,0,0,0
3334,0,0,0,0,0,0,0
3335,0,0,0,0,0,0,0
3336,0,0,0,0,0,0,0
3337,0,0,0,0,0,0,0
3338,0,0,0,0,0,0,0
3339,0,0,0,0,0,0,0
3340,0,0,0,0,0,0,0
3341,0,0,0,0,0,0,0
3342,0,0,0,0,0,0,0
3343,0,0,0,0,0,0,0
3344,0,0,0,0,0,0,0
3345,0,0,0,0,0,0,0
3346,0,0,0,0,0,0,0
3347,0,0,0,0,0,0,0
3348,1,3,8,35,9,0,3
3349,1,1,10,40,7,0,2
3350,1,2,10,39,9,0,2
3351,1,2,12,34,10,0,3
3352,0,4,9,35,8,0,3
3353,0,0,0,0,0,0,0
3354,0,0,0,0,0,0,0
3355,0,0,0,0,0,0,0
3356,0,0,0,0,0,0,0
3357,0,0,0,0,0,0,0
3358,0,0,0,0,0,0,0
3359,0,0,0,0,0,0,0
3360,0,0,0,0,0,0,0
3361,0,0,0,0,0,0,0
3362,0,0,0,0,0,0,0
3363,0,0,0,0,0,0,0
3364,0,0,0,0,0,0,0
3365,0,0,0,0,0,0,0
3366,0,0,0,0,0,0,0
3367,0,0,0,0,0,0,0
3368,0,0,0,0,0,0,0
3369,0,0,0,0,0,0,0
3370,0,0,0,0,0,0,0
3371,0,0,0,0,0,0,0
3372,0,0,0,0,0,0,0
3373,0,0,0,0,0,0,0
3374,0,0,0,0,0,0,0
3375,0,0,0,0,0,0,0
3376,0,5,3,49,6,0,1
3377,0,4,9,46,4,0,2
3378,0,2,10,49,1,0,4
3379,1,2,8,49,4,0,4
3380,1,2,9,47,4,0,4
3381,1,3,7,42,6,0,4
3382,0,5,8,37,7,0,3
3383,0,5,8,42,6,0,2
3384,0,6,8,37,6,0,3
3385,0,5,6,37,8,0,5
3386,0,7,5,38,8,0,6
3387,0,4,6,45,8,0,6
3388,0,3,7,49,8,0,4
3389,0,1,7,53,7,0,4
3390,0,0,8,53,7,0,3
3391,0,0,0,0,0,0,0
3392,0,0,0,0,0,0,0
3393,0,0,0,0,0,0,0
3394,0,0,0,0,0,0,0
3395,0,0,0,0,0,0,0
3396,0,0,0,0,0,0,0
3397,0,0,0,0,0,0,0
3398,0,0,0,0,0,0,0
3399,0,0,0,0,0,0,0
3400,0,0,0,0,0,0,0
3401,0,0,0,0,0,0,0
3402,0,0,0,0,0,0,0
3403,0,0,0,0,0,0,0
3404,0,0,0,0,0,0,0
3405,0,0,0,0,0,0,0
3406,0,0,0,0,0,0,0
3407,0,0,0,0,0,0,0
3408,0,0,0,0,0,0,0
3409,0,0,0,0,0,0,0
3410,0,0,0,0,0,0,0
3411,0,0,0,0,0,0,0
3412,0,0,0,0,0,0,0
3413,0,0,0,0,0,0,0
3414,0,0,0,0,0,0,0
3415,0,0,0,0,0,0,0
3416,0,0,0,0,0,0,0
3417,0,0,0,0,0,0,0
3418,0,0,0,0,0,0,0
3419,1,1,9,41,8,0,3
3420,0,0,0,0,0,0,0
3421,1,2,8,42,6,0,3
3422,0,0,0,0,0,0,0
3423,0,0,0,0,0,0,0
3424,0,0,0,0,0,0,0
3425,0,0,0,0,0,0,0
3426,0,0,0,0,0,0,0
3427,0,0,0,0,0,0,0
3428,0,0,0,0,0,0,0
3429,0,0,0,0,0,0,0
3430,0,0,0,0,0,0,0
3431,0,0,0,0,0,0,0
3432,0,0,0,0,0,0,0
3433,0,0,0,0,0,0,0
3434,0,0,0,0,0,0,0
3435,0,0,0,0,0,0,0
3436,0,0,0,0,0,0,0
3437,0,0,0,0,0,0,0
3438,0,0,0,0,0,0,0
3439,0,0,0,0,0,0,0
3440,0,0,0,0,0,0,0
3441,0,0,0,0,0,0,0
3442,0,0,0,0,0,0,0
3443,0,0,0,0,0,0,0
3444,0,0,0,0,0,0,0
3445,0,0,0,0,0,0,0
3446,0,0,0,0,0,0,0
3447,0,3,6,43,5,0,3
3448,0,3,9,46,3,0,3
3449,0,2,11,38,8,0,3
3450,0,2,11,39,6,0,4
3451,0,4,9,40,7,0,4
3452,0,5,9,36,8,0,5
3453,0,4,7,37,9,0,2
3454,0,2,12,32,5,0,6
3455,0,2,11,36,5,0,9
3456,0,4,9,46,4,0,7
3457,0,2,8,51,4,0,7
3458,0,1,9,54,3,0,5
3459,0,0,7,55,8,0,4
3460,0,0,5,59,6,0,5
3461,0,0,0,0,0,0,0
3462,0,0,0,0,0,0,0
3463,0,0,0,0,0,0,0
3464,0,0,0,0,0,0,0
3465,0,0,0,0,0,0,0
3466,0,0,0,0,0,0,0
3467,0,0,0,0,0,0,0
3468,0,0,0,0,0,0,0
3469,0,0,0,0,0,0,0
3470,0,0,0,0,0,0,0
3471,0,0,0,0,0,0,0
3472,0,0,0,0,0,0,0
3473,0,0,0,0,0,0,0
3474,0,0,0,0,0,0,0
3475,0,0,0,0,0,0,0
3476,0,0,0,0,0,0,0
3477,0,0,0,0,0,0,0
3478,0,0,0,0,0,0,0
3479,0,0,0,0,0,0,0
3480,0,0,0,0,0,0,0
3481,0,0,0,0,0,0,0
3482,0,0,0,0,0,0,0
3483,0,0,0,0,0,0,0
3484,0,0,0,0,0,0,0
3485,0,0,0,0,0,0,0
3486,0,0,0,0,0,0,0
3487,0,0,0,0,0,0,0
3488,0,0,0,0,0,0,0
3489,0,0,0,0,0,0,0
3490,0,0,0,0,0,0,0
3491,0,0,0,0,0,0,0
3492,0,0,0,0,0,0,0
3493,0,0,0,0,0,0,0
3494,0,0,0,0,0,0,0
3495,0,0,0,0,0,0,0
3496,0,0,0,0,0,0,0
3497,0,0,0,0,0,0,0
3498,0,0,0,0,0,0,0
3499,0,0,0,0,0,0,0
3500,0,0,0,0,0,0,0
3501,0,0,0,0,0,0,0
3502,0,0,0,0,0,0,0
3503,0,0,0,0,0,0,0
3504,0,0,0,0,0,0,0
3505,0,0,0,0,0,0,0
3506,0,0,0,0,0,0,0
3507,0,0,0,0,0,0,0
3508,0,0,0,0,0,0,0
3509,0,0,0,0,0,0,0
3510,0,0,0,0,0,0,0
3511,0,0,0,0,0,0,0
3512,0,0,0,0,0,0,0
3513,0,0,0,0,0,0,0
3514,0,0,0,0,0,0,0
3515,0,0,0,0,0,0,0
3516,0,0,0,0,0,0,0
3517,0,0,0,0,0,0,0
3518,0,3,8,38,5,0,3
3519,0,2,9,38,8,0,1
3520,0,2,9,40,7,0,5
3521,0,5,8,40,6,0,5
3522,0,6,6,41,4,0,7
3523,1,1,8,42,8,0,5
3524,0,2,6,49,7,0,7
3525,0,3,5,52,8,0,6
3526,0,3,5,52,7,0,7
3527,0,3,4,59,5,0,6
3528,0,1,5,61,7,0,4
3529,0,1,7,55,7,0,4
3530,0,0,6,55,7,0,6
3531,0,1,6,51,5,0,7
3532,0,0,0,0,0,0,0
3533,0,0,0,0,0,0,0
3534,0,0,0,0,0,0,0
3535,0,0,0,0,0,0,0
3536,0,0,0,0,0,0,0
3537,0,0,0,0,0,0,0
3538,0,0,0,0,0,0,0
3539,0,0,0,0,0,0,0
3540,0,0,0,0,0,0,0
3541,0,0,0,0,0,0,0
3542,0,0,0,0,0,0,0
3543,0,0,0,0,0,0,0
3544,0,0,0,0,0,0,0
3545,0,0,0,0,0,0,0
3546,0,0,0,0,0,0,0
3547,0,0,0,0,0,0,0
3548,0,0,0,0,0,0,0
3549,0,0,0,0,0,0,0
3550,0,0,0,0,0,0,0
3551,0,0,0,0,0,0,0
3552,0,0,0,0,0,0,0
3553,0,0,0,0,0,0,0
3554,0,0,0,0,0,0,0
3555,0,0,0,0,0,0,0
3556,0,0,0,0,0,0,0
3557,0,0,0,0,0,0,0
3558,0,0,0,0,0,0,0
3559,0,0,0,0,0,0,0
3560,0,0,0,0,0,0,0
3561,0,0,0,0,0,0,0
3562,0,0,0,0,0,0,0
3563,0,0,0,0,0,0,0
3564,0,0,0,0,0,0,0
3565,0,0,0,0,0,0,0
3566,0,0,0,0,0,0,0
3567,0,0,0,0,0,0,0
3568,0,0,0,0,0,0,0
3569,0,0,0,0,0,0,0
3570,0,0,0,0,0,0,0
3571,0,0,0,0,0,0,0
3572,0,0,0,0,0,0,0
3573,0,0,0,0,0,0,0
3574,0,0,0,0,0,0,0
3575,0,0,0,0,0,0,0
3576,0,0,0,0,0,0,0
3577,0,0,0,0,0,0,0
3578,0,0,0,0,0,0,0
3579,0,0,0,0,0,0,0
3580,0,0,0,0,0,0,0
3581,0,0,0,0,0,0,0
3582,0,0,0,0,0,0,0
3583,0,0,0,0,0,0,0
3584,0,0,0,0,0,0,0
3585,0,0,0,0,0,0,0
3586,0,0,0,0,0,0,0
3587,0,0,0,0,0,0,0
3588,0,0,0,0,0,0,0
3589,0,4,8,38,7,0,4
3590,1,3,5,43,7,0,5
3591,2,2,6,44,6,0,6
3592,1,3,6,39,9,0,6
3593,1,0,8,49,6,0,6
3594,1,2,8,46,7,0,6
3595,1,3,5,51,6,0,7
3596,1,3,5,51,6,0,7
3597,0,4,6,51,6,0,7
3598,0,2,6,53,6,0,7
3599,0,1,7,51,6,0,5
3600,0,0,0,0,0,0,0
3601,0,0,0,0,0,0,0
3602,0,0,0,0,0,0,0
3603,0,0,0,0,0,0,0
3604,0,0,0,0,0,0,0
3605,0,0,0,0,0,0,0
3606,0,0,0,0,0,0,0
3607,0,0,0,0,0,0,0
3608,0,0,0,0,0,0,0
3609,0,0,0,0,0,0,0
3610,0,0,0,0,0,0,0
3611,0,0,0,0,0,0,0
3612,0,0,0,0,0,0,0
3613,0,0,0,0,0,0,0
3614,0,0,0,0,0,0,0
3615,0,0,0,0,0,0,0
3616,0,0,0,0,0,0,0
3617,0,0,0,0,0,0,0
3618,0,0,0,0,0,0,0
3619,0,0,0,0,0,0,0
3620,0,0,0,0,0,0,0
3621,0,0,0,0,0,0,0
3622,0,0,0,0,0,0,0
3623,0,0,0,0,0,0,0
3624,0,0,0,0,0,0,0
3625,0,0,0,0,0,0,0
3626,0,0,0,0,0,0,0
3627,0,0,0,0,0,0,0
3628,0,0,0,0,0,0,0
3629,0,0,0,0,0,0,0
3630,0,0,0,0,0,0,0
3631,0,0,0,0,0,0,0
3632,0,0,0,0,0,0,0
3633,0,0,0,0,0,0,0
3634,0,0,0,0,0,0,0
3635,0,0,0,0,0,0,0
3636,0,0,0,0,0,0,0
3637,0,0,0,0,0,0,0
3638,0,0,0,0,0,0,0
3639,0,0,0,0,0,0,0
3640,0,0,0,0,0,0,0
3641,0,0,0,0,0,0,0
3642,0,0,0,0,0,0,0
3643,0,0,0,0,0,0,0
3644,0,0,0,0,0,0,0
3645,0,0,0,0,0,0,0
3646,0,0,0,0,0,0,0
3647,0,0,0,0,0,0,0
3648,0,0,0,0,0,0,0
3649,0,0,0,0,0,0,0
3650,0,0,0,0,0,0,0
3651,0,0,0,0,0,0,0
3652,0,0,0,0,0,0,0
3653,0,0,0,0,0,0,0
3654,0,0,0,0,0,0,0
3655,0,0,0,0,0,0,0
3656,0,0,0,0,0,0,0
3657,0,0,0,0,0,0,0
3658,0,0,0,0,0,0,0
3659,0,4,9,38,7,0,5
3660,0,3,9,40,7,0,6
3661,0,4,7,38,9,0,4
3662,2,2,4,52,7,0,5
3663,2,2,5,49,7,0,5
3664,1,3,7,50,4,0,7
3665,1,4,5,52,5,0,7
3666,0,5,5,49,7,0,6
3667,0,3,6,45,6,0,8
3668,0,0,0,0,0,0,0
3669,0,0,0,0,0,0,0
3670,0,0,0,0,0,0,0
3671,0,0,0,0,0,0,0
3672,0,0,0,0,0,0,0
3673,0,0,0,0,0,0,0
3674,0,0,0,0,0,0,0
3675,0,0,0,0,0,0,0
3676,0,0,0,0,0,0,0
3677,0,0,0,0,0,0,0
3678,0,0,0,0,0,0,0
3679,0,0,0,0,0,0,0
3680,0,0,0,0,0,0,0
3681,0,0,0,0,0,0,0
3682,0,0,0,0,0,0,0
3683,0,0,0,0,0,0,0
3684,0,0,0,0,0,0,0
3685,0,0,0,0,0,0,0
3686,0,0,0,0,0,0,0
3687,0,0,0,0,0,0,0
3688,0,0,0,0,0,0,0
3689,0,0,0,0,0,0,0
3690,0,0,0,0,0,0,0
3691,0,0,0,0,0,0,0
3692,0,0,0,0,0,0,0
3693,0,0,0,0,0,0,0
3694,0,0,0,0,0,0,0
3695,0,0,0,0,0,0,0
3696,0,0,0,0,0,0,0
3697,0,0,0,0,0,0,0
3698,0,0,0,0,0,0,0
3699,0,0,0,0,0,0,0
3700,0,0,0,0,0,0,0
3701,0,0,0,0,0,0,0
3702,0,0,0,0,0,0,0
3703,0,0,0,0,0,0,0
3704,0,0,0,0,0,0,0
3705,0,0,0,0,0,0,0
3706,0,0,0,0,0,0,0
3707,0,0,0,0,0,0,0
3708,0,0,0,0,0,0,0
3709,0,0,0,0,0,0,0
3710,0,0,0,0,0,0,0
3711,0,0,0,0,0,0,0
3712,0,0,0,0,0,0,0
3713,0,0,0,0,0,0,0
3714,0,0,0,0,0,0,0
3715,0,0,0,0,0,0,0
3716,0,0,0,0,0,0,0
3717,0,0,0,0,0,0,0
3718,0,0,0,0,0,0,0
3719,0,0,0,0,0,0,0
3720,0,0,0,0,0,0,0
3721,0,0,0,0,0,0,0
3722,0,0,0,0,0,0,0
3723,0,0,0,0,0,0,0
3724,0,0,0,0,0,0,0
3725,0,0,0,0,0,0,0
3726,0,0,0,0,0,0,0
3727,0,0,0,0,0,0,0
3728,0,0,0,0,0,0,0
3729,0,6,8,38,6,0,5
3730,0,5,7,39,8,0,5
3731,0,6,8,38,8,0,4
3732,3,3,4,52,7,0,4
3733,1,4,5,54,4,0,6
3734,0,6,5,50,5,0,7
3735,2,3,5,48,6,0,7
3736,0,5,6,47,6,0,7
3737,0,0,0,0,0,0,0
3738,0,0,0,0,0,0,0
3739,0,0,0,0,0,0,0
3740,0,0,0,0,0,0,0
3741,0,0,0,0,0,0,0
3742,0,0,0,0,0,0,0
3743,0,0,0,0,0,0,0
3744,0,0,0,0,0,0,0
3745,0,0,0,0,0,0,0
3746,0,0,0,0,0,0,0
3747,0,0,0,0,0,0,0
3748,0,0,0,0,0,0,0
3749,0,0,0,0,0,0,0
3750,0,0,0,0,0,0,0
3751,0,0,0,0,0,0,0
3752,0,0,0,0,0,0,0
3753,0,0,0,0,0,0,0
3754,0,0,0,0,0,0,0
3755,0,0,0,0,0,0,0
3756,0,0,0,0,0,0,0
3757,0,0,0,0,0,0,0
3758,0,0,0,0,0,0,0
3759,0,0,0,0,0,0,0
3760,0,0,0,0,0,0,0
3761,0,0,0,0,0,0,0
3762,0,0,0,0,0,0,0
3763,0,0,0,0,0,0,0
3764,0,0,0,0,0,0,0
3765,0,0,0,0,0,0,0
3766,0,0,0,0,0,0,0
3767,0,0,0,0,0,0,0
3768,0,0,0,0,0,0,0
3769,0,0,0,0,0,0,0
3770,0,0,0,0,0,0,0
3771,0,0,0,0,0,0,0
3772,0,0,0,0,0,0,0
3773,0,0,0,0,0,0,0
3774,0,0,0,0,0,0,0
3775,0,0,0,0,0,0,0
3776,0,0,0,0,0,0,0
3777,0,0,0,0,0,0,0
3778,0,0,0,0,0,0,0
3779,0,0,0,0,0,0,0
3780,0,0,0,0,0,0,0
3781,0,0,0,0,0,0,0
3782,0,0,0,0,0,0,0
3783,0,0,0,0,0,0,0
3784,0,0,0,0,0,0,0
3785,0,0,0,0,0,0,0
3786,0,0,0,0,0,0,0
3787,0,0,0,0,0,0,0
3788,0,0,0,0,0,0,0
3789,0,0,0,0,0,0,0
3790,0,0,0,0,0,0,0
3791,0,0,0,0,0,0,0
3792,0,0,0,0,0,0,0
3793,0,0,0,0,0,0,0
3794,0,0,0,0,0,0,0
3795,0,0,0,0,0,0,0
3796,0,0,0,0,0,0,0
3797,0,0,0,0,0,0,0
3798,0,0,0,0,0,0,0
3799,0,0,0,0,0,0,0
3800,0,0,0,0,0,0,0
3801,1,5,6,43,9,0,4
3802,3,3,4,47,9,0,2
3803,1,6,5,50,3,0,5
3804,3,1,7,50,4,0,6
3805,3,0,9,45,5,0,7
3806,2,1,8,44,5,0,6
3807,0,0,0,0,0,0,0
3808,0,0,0,0,0,0,0
3809,0,0,0,0,0,0,0
3810,0,0,0,0,0,0,0
3811,0,0,0,0,0,0,0
3812,0,0,0,0,0,0,0
3813,0,0,0,0,0,0,0
3814,0,0,0,0,0,0,0
3815,0,0,0,0,0,0,0
3816,0,0,0,0,0,0,0
3817,0,0,0,0,0,0,0
3818,0,0,0,0,0,0,0
3819,0,0,0,0,0,0,0
3820,0,0,0,0,0,0,0
3821,0,0,0,0,0,0,0
3822,0,0,0,0,0,0,0
3823,0,0,0,0,0,0,0
3824,0,0,0,0,0,0,0
3825,0,0,0,0,0,0,0
3826,0,0,0,0,0,0,0
3827,0,0,0,0,0,0,0
3828,0,0,0,0,0,0,0
3829,0,0,0,0,0,0,0
3830,0,0,0,0,0,0,0
3831,0,0,0,0,0,0,0
3832,0,0,0,0,0,0,0
3833,0,0,0,0,0,0,0
3834,0,0,0,0,0,0,0
3835,0,0,0,0,0,0,0
3836,0,0,0,0,0,0,0
3837,0,0,0,0,0,0,0
3838,0,0,0,0,0,0,0
3839,0,0,0,0,0,0,0
3840,0,0,0,0,0,0,0
3841,0,0,0,0,0,0,0
3842,0,0,0,0,0,0,0
3843,0,0,0,0,0,0,0
3844,0,0,0,0,0,0,0
3845,0,0,0,0,0,0,0
3846,0,0,0,0,0,0,0
3847,0,0,0,0,0,0,0
3848,0,0,0,0,0,0,0
3849,0,0,0,0,0,0,0
3850,0,0,0,0,0,0,0
3851,0,0,0,0,0,0,0
3852,0,0,0,0,0,0,0
3853,0,0,0,0,0,0,0
3854,0,0,0,0,0,0,0
3855,0,0,0,0,0,0,0
3856,0,0,0,0,0,0,0
3857,0,0,0,0,0,0,0
3858,0,0,0,0,0,0,0
3859,0,0,0,0,0,0,0
3860,0,0,0,0,0,0,0
3861,0,0,0,0,0,0,0
3862,0,0,0,0,0,0,0
3863,0,0,0,0,0,0,0
3864,0,0,0,0,0,0,0
3865,0,0,0,0,0,0,0
3866,0,0,0,0,0,0,0
3867,0,0,0,0,0,0,0
3868,0,0,0,0,0,0,0
3869,2,3,11,37,6,0,5
3870,0,5,8,43,6,0,5
3871,2,3,6,47,8,0,2
3872,2,1,10,43,8,0,1
3873,1,3,7,41,8,0,4
3874,1,5,4,47,9,0,3
3875,1,2,6,50,5,0,5
3876,1,2,6,48,7,0,4
3877,0,3,2,51,10,0,3
3878,0,1,5,49,9,0,3
3879,0,0,0,0,0,0,0
3880,0,0,0,0,0,0,0
3881,0,0,0,0,0,0,0
3882,0,0,0,0,0,0,0
3883,0,0,0,0,0,0,0
3884,0,0,0,0,0,0,0
3885,0,0,0,0,0,0,0
3886,0,0,0,0,0,0,0
3887,0,0,0,0,0,0,0
3888,0,0,0,0,0,0,0
3889,0,0,0,0,0,0,0
3890,0,0,0,0,0,0,0
3891,0,0,0,0,0,0,0
3892,0,0,0,0,0,0,0
3893,0,0,0,0,0,0,0
3894,0,0,0,0,0,0,0
3895,0,0,0,0,0,0,0
3896,0,0,0,0,0,0,0
3897,0,0,0,0,0,0,0
3898,0,0,0,0,0,0,0
3899,0,0,0,0,0,0,0
3900,0,0,0,0,0,0,0
3901,0,0,0,0,0,0,0
3902,0,0,0,0,0,0,0
3903,0,0,0,0,0,0,0
3904,0,0,0,0,0,0,0
3905,0,0,0,0,0,0,0
3906,0,0,0,0,0,0,0
3907,0,0,0,0,0,0,0
3908,0,0,0,0,0,0,0
3909,0,0,0,0,0,0,0
3910,0,0,0,0,0,0,0
3911,0,0,0,0,0,0,0
3912,0,0,0,0,0,0,0
3913,0,0,0,0,0,0,0
3914,0,0,0,0,0,0,0
3915,0,0,0,0,0,0,0
3916,0,0,0,0,0,0,0
3917,0,0,0,0,0,0,0
3918,0,0,0,0,0,0,0
3919,0,0,0,0,0,0,0
3920,0,0,0,0,0,0,0
3921,0,0,0,0,0,0,0
3922,0,0,0,0,0,0,0
3923,0,0,0,0,0,0,0
3924,0,0,0,0,0,0,0
3925,0,0,0,0,0,0,0
3926,0,0,0,0,0,0,0
3927,0,0,0,0,0,0,0
3928,0,0,0,0,0,0,0
3929,0,0,0,0,0,0,0
3930,0,0,0,0,0,0,0
3931,0,0,0,0,0,0,0
3932,0,0,0,0,0,0,0
3933,0,0,0,0,0,0,0
3934,0,0,0,0,0,0,0
3935,0,0,0,0,0,0,0
3936,0,0,0,0,0,0,0
3937,1,4,6,41,6,0,5
3938,1,5,8,35,9,0,3
3939,1,3,9,38,9,0,3
3940,0,5,7,43,7,0,3
3941,1,2,8,47,9,0,2
3942,1,2,8,40,7,0,5
3943,0,6,5,44,7,0,5
3944,1,4,2,49,10,0,4
3945,0,2,7,44,10,0,3
3946,0,2,5,53,7,0,2
3947,0,2,4,56,7,0,2
3948,1,1,6,51,7,0,3
3949,0,0,0,0,0,0,0
3950,0,0,0,0,0,0,0
3951,0,0,0,0,0,0,0
3952,0,0,0,0,0,0,0
3953,0,0,0,0,0,0,0
3954,0,0,0,0,0,0,0
3955,0,0,0,0,0,0,0
3956,0,0,0,0,0,0,0
3957,0,0,0,0,0,0,0
3958,0,0,0,0,0,0,0
3959,0,0,0,0,0,0,0
3960,0,0,0,0,0,0,0
3961,0,0,0,0,0,0,0
3962,0,0,0,0,0,0,0
3963,0,0,0,0,0,0,0
3964,0,0,0,0,0,0,0
3965,0,0,0,0,0,0,0
3966,0,0,0,0,0,0,0
3967,0,0,0,0,0,0,0
3968,0,0,0,0,0,0,0
3969,0,0,0,0,0,0,0
3970,0,0,0,0,0,0,0
3971,0,0,0,0,0,0,0
3972,0,0,0,0,0,0,0
3973,0,0,0,0,0,0,0
3974,0,0,0,0,0,0,0
3975,0,0,0,0,0,0,0
3976,0,0,0,0,0,0,0
3977,0,0,0,0,0,0,0
3978,0,0,0,0,0,0,0
3979,0,0,0,0,0,0,0
3980,0,0,0,0,0,0,0
3981,0,0,0,0,0,0,0
3982,0,0,0,0,0,0,0
3983,0,0,0,0,0,0,0
3984,0,0,0,0,0,0,0
3985,0,0,0,0,0,0,0
3986,0,0,0,0,0,0,0
3987,0,0,0,0,0,0,0
3988,0,0,0,0,0,0,0
3989,0,0,0,0,0,0,0
3990,0,0,0,0,0,0,0
3991,0,0,0,0,0,0,0
3992,0,0,0,0,0,0,0
3993,0,0,0,0,0,0,0
3994,0,0,0,0,0,0,0
3995,0,0,0,0,0,0,0
3996,0,0,0,0,0,0,0
3997,0,0,0,0,0,0,0
3998,0,0,0,0,0,0,0
3999,0,0,0,0,0,0,0
4000,0,0,0,0,0,0,0
4001,0,0,0,0,0,0,0
4002,0,0,0,0,0,0,0
4003,0,0,0,0,0,0,0
4004,0,0,0,0,0,0,0
4005,0,0,0,0,0,0,0
4006,0,0,0,0,0,0,0
4007,1,5,5,41,6,0,4
4008,1,3,9,43,7,0,2
4009,2,3,6,45,8,0,4
4010,1,1,9,46,6,0,3
4011,0,2,9,39,7,0,3
4012,0,4,8,37,8,0,2
4013,0,5,6,40,7,0,4
4014,0,5,3,45,8,0,4
4015,0,1,4,50,8,0,2
4016,0,1,8,51,6,0,2
4017,0,1,7,52,6,0,2
4018,0,0,0,0,0,0,0
4019,0,0,0,0,0,0,0
4020,0,0,0,0,0,0,0
4021,0,0,0,0,0,0,0
4022,0,0,0,0,0,0,0
4023,0,0,0,0,0,0,0
4024,0,0,0,0,0,0,0
4025,0,0,0,0,0,0,0
4026,0,0,0,0,0,0,0
4027,0,0,0,0,0,0,0
4028,0,0,0,0,0,0,0
4029,0,0,0,0,0,0,0
4030,0,0,0,0,0,0,0
4031,0,0,0,0,0,0,0
4032,0,0,0,0,0,0,0
4033,0,0,0,0,0,0,0
4034,0,0,0,0,0,0,0
4035,0,0,0,0,0,0,0
4036,0,0,0,0,0,0,0
4037,0,0,0,0,0,0,0
4038,0,0,0,0,0,0,0
4039,0,0,0,0,0,0,0
4040,0,0,0,0,0,0,0
4041,0,0,0,0,0,0,0
4042,0,0,0,0,0,0,0
4043,0,0,0,0,0,0,0
4044,0,0,0,0,0,0,0
4045,0,0,0,0,0,0,0
4046,0,0,0,0,0,0,0
4047,0,0,0,0,0,0,0
4048,0,0,0,0,0,0,0
4049,0,0,0,0,0,0,0
4050,0,0,0,0,0,0,0
4051,0,0,0,0,0,0,0
4052,0,0,0,0,0,0,0
4053,0,0,0,0,0,0,0
4054,0,0,0,0,0,0,0
4055,0,0,0,0,0,0,0
4056,0,0,0,0,0,0,0
4057,0,0,0,0,0,0,0
4058,0,0,0,0,0,0,0
4059,0,0,0,0,0,0,0
4060,0,0,0,0,0,0,0
4061,0,0,0,0,0,0,0
4062,0,0,0,0,0,0,0
4063,0,0,0,0,0,0,0
4064,0,0,0,0,0,0,0
4065,0,0,0,0,0,0,0
4066,0,0,0,0,0,0,0
4067,0,0,0,0,0,0,0
4068,0,0,0,0,0,0,0
4069,0,0,0,0,0,0,0
4070,0,0,0,0,0,0,0
4071,0,0,0,0,0,0,0
4072,0,0,0,0,0,0,0
4073,0,0,0,0,0,0,0
4074,0,0,0,0,0,0,0
4075,0,0,0,0,0,0,0
4076,0,0,0,0,0,0,0
4077,1,3,8,43,7,0,2
4078,1,2,11,39,6,0,4
4079,1,1,10,42,9,0,2
4080,0,4,9,42,9,0,2
4081,0,4,13,39,5,0,1
4082,0,3,8,41,7,0,3
4083,0,4,7,39,5,0,5
4084,0,5,5,42,6,0,5
4085,0,3,7,42,4,0,6
4086,1,2,6,48,5,0,4
4087,1,2,5,51,6,0,3
4088,1,2,5,51,6,0,4
4089,0,0,0,0,0,0,0
4090,0,0,0,0,0,0,0
4091,0,0,0,0,0,0,0
4092,0,0,0,0,0,0,0
4093,0,0,0,0,0,0,0
4094,0,0,0,0,0,0,0
4095,0,0,0,0,0,0,0
4096,0,0,0,0,0,0,0
4097,0,0,0,0,0,0,0
4098,0,0,0,0,0,0,0
4099,0,0,0,0,0,0,0
4100,0,0,0,0,0,0,0
4101,0,0,0,0,0,0,0
4102,0,0,0,0,0,0,0
4103,0,0,0,0,0,0,0
4104,0,0,0,0,0,0,0
4105,0,0,0,0,0,0,0
4106,0,0,0,0,0,0,0
4107,0,0,0,0,0,0,0
4108,0,0,0,0,0,0,0
4109,0,0,0,0,0,0,0
4110,0,0,0,0,0,0,0
4111,0,0,0,0,0,0,0
4112,0,0,0,0,0,0,0
4113,0,0,0,0,0,0,0
4114,0,0,0,0,0,0,0
4115,0,0,0,0,0,0,0
4116,0,0,0,0,0,0,0
4117,0,0,0,0,0,0,0
4118,0,0,0,0,0,0,0
4119,0,0,0,0,0,0,0
4120,0,0,0,0,0,0,0
4121,0,0,0,0,0,0,0
4122,0,0,0,0,0,0,0
4123,0,0,0,0,0,0,0
4124,0,0,0,0,0,0,0
4125,0,0,0,0,0,0,0
4126,0,0,0,0,0,0,0
4127,0,0,0,0,0,0,0
4128,0,0,0,0,0,0,0
4129,0,0,0,0,0,0,0
4130,0,0,0,0,0,0,0
4131,0,0,0,0,0,0,0
4132,0,0,0,0,0,0,0
4133,0,0,0,0,0,0,0
4134,0,0,0,0,0,0,0
4135,0,0,0,0,0,0,0
4136,0,0,0,0,0,0,0
4137,0,0,0,0,0,0,0
4138,0,0,0,0,0,0,0
4139,0,0,0,0,0,0,0
4140,0,0,0,0,0,0,0
4141,0,0,0,0,0,0,0
4142,0,0,0,0,0,0,0
4143,0,0,0,0,0,0,0
4144,0,0,0,0,0,0,0
4145,0,0,0,0,0,0,0
4146,0,0,0,0,0,0,0
4147,1,4,5,48,6,0,6
4148,1,4,6,46,7,0,5
4149,2,2,7,42,8,0,3
4150,1,3,13,37,7,0,3
4151,1,3,11,47,3,0,3
4152,0,5,7,40,7,0,3
4153,0,6,7,44,3,0,4
4154,0,4,7,44,3,0,6
4155,1,3,7,43,4,0,8
4156,1,2,6,48,5,0,7
4157,2,2,5,49,5,0,4
4158,2,2,4,54,4,0,5
4159,2,2,5,54,4,0,2
4160,0,0,0,0,0,0,0
4161,0,0,0,0,0,0,0
4162,0,0,0,0,0,0,0
4163,0,0,0,0,0,0,0
4164,0,0,0,0,0,0,0
4165,0,0,0,0,0,0,0
4166,0,0,0,0,0,0,0
4167,0,0,0,0,0,0,0
4168,0,0,0,0,0,0,0
4169,0,0,0,0,0,0,0
4170,0,0,0,0,0,0,0
4171,0,0,0,0,0,0,0
4172,0,0,0,0,0,0,0
4173,0,0,0,0,0,0,0
4174,0,0,0,0,0,0,0
4175,0,0,0,0,0,0,0
4176,0,0,0,0,0,0,0
4177,0,0,0,0,0,0,0
4178,0,0,0,0,0,0,0
4179,0,0,0,0,0,0,0
4180,0,0,0,0,0,0,0
4181,0,0,0,0,0,0,0
4182,0,0,0,0,0,0,0
4183,0,0,0,0,0,0,0
4184,0,0,0,0,0,0,0
4185,0,0,0,0,0,0,0
4186,0,0,0,0,0,0,0
4187,0,0,0,0,0,0,0
4188,0,0,0,0,0,0,0
4189,0,0,0,0,0,0,0
4190,0,0,0,0,0,0,0
4191,0,0,0,0,0,0,0
4192,0,0,0,0,0,0,0
4193,0,0,0,0,0,0,0
4194,0,0,0,0,0,0,0
4195,0,0,0,0,0,0,0
4196,0,0,0,0,0,0,0
4197,0,0,0,0,0,0,0
4198,0,0,0,0,0,0,0
4199,0,0,0,0,0,0,0
4200,0,0,0,0,0,0,0
4201,0,0,0,0,0,0,0
4202,0,0,0,0,0,0,0
4203,0,0,0,0,0,0,0
4204,0,0,0,0,0,0,0
4205,0,0,0,0,0,0,0
4206,0,0,0,0,0,0,0
4207,0,0,0,0,0,0,0
4208,0,0,0,0,0,0,0
4209,0,0,0,0,0,0,0
4210,0,0,0,0,0,0,0
4211,0,0,0,0,0,0,0
4212,0,0,0,0,0,0,0
4213,0,0,0,0,0,0,0
4214,0,0,0,0,0,0,0
4215,0,0,0,0,0,0,0
4216,0,0,0,0,0,0,0
4217,1,3,10,38,6,0,6
4218,3,2,7,43,5,0,5
4219,1,4,5,50,4,0,5
4220,1,3,8,39,8,0,3
4221,0,3,11,39,7,0,3
4222,0,3,11,41,5,0,4
4223,0,4,13,31,7,0,3
4224,1,4,11,35,6,0,5
4225,1,4,6,43,4,0,8
4226,2,1,6,46,4,0,8
4227,2,2,6,47,5,0,6
4228,2,1,3,54,5,0,4
4229,2,1,5,52,3,0,4
4230,0,0,0,0,0,0,0
4231,0,0,0,0,0,0,0
4232,0,0,0,0,0,0,0
4233,0,0,0,0,0,0,0
4234,0,0,0,0,0,0,0
4235,0,0,0,0,0,0,0
4236,0,0,0,0,0,0,0
4237,0,0,0,0,0,0,0
4238,0,0,0,0,0,0,0
4239,0,0,0,0,0,0,0
4240,0,0,0,0,0,0,0
4241,0,0,0,0,0,0,0
4242,0,0,0,0,0,0,0
4243,0,0,0,0,0,0,0
4244,0,0,0,0,0,0,0
4245,0,0,0,0,0,0,0
4246,0,0,0,0,0,0,0
4247,0,0,0,0,0,0,0
4248,0,0,0,0,0,0,0
4249,0,0,0,0,0,0,0
4250,0,0,0,0,0,0,0
4251,0,0,0,0,0,0,0
4252,0,0,0,0,0,0,0
4253,0,0,0,0,0,0,0
4254,0,0,0,0,0,0,0
4255,0,0,0,0,0,0,0
4256,0,0,0,0,0,0,0
4257,0,0,0,0,0,0,0
4258,0,0,0,0,0,0,0
4259,0,0,0,0,0,0,0
4260,0,0,0,0,0,0,0
4261,0,0,0,0,0,0,0
4262,0,0,0,0,0,0,0
4263,0,0,0,0,0,0,0
4264,0,0,0,0,0,0,0
4265,0,0,0,0,0,0,0
4266,0,0,0,0,0,0,0
4267,0,0,0,0,0,0,0
4268,0,0,0,0,0,0,0
4269,0,0,0,0,0,0,0
4270,0,0,0,0,0,0,0
4271,0,0,0,0,0,0,0
4272,0,0,0,0,0,0,0
4273,0,0,0,0,0,0,0
4274,0,0,0,0,0,0,0
4275,0,0,0,0,0,0,0
4276,0,0,0,0,0,0,0
4277,0,0,0,0,0,0,0
4278,0,0,0,0,0,0,0
4279,0,0,0,0,0,0,0
4280,0,0,0,0,0,0,0
4281,0,0,0,0,0,0,0
4282,0,0,0,0,0,0,0
4283,0,0,0,0,0,0,0
4284,0,0,0,0,0,0,0
4285,0,0,0,0,0,0,0
4286,1,4,9,39,6,0,5
4287,1,5,6,42,8,0,5
4288,0,3,7,43,8,0,4
4289,0,3,10,44,6,0,4
4290,0,4,7,46,6,0,3
4291,0,3,11,41,6,0,2
4292,0,4,13,29,7,0,3
4293,0,3,14,35,5,0,3
4294,0,0,0,0,0,0,0
4295,0,0,0,0,0,0,0
4296,0,0,0,0,0,0,0
4297,2,3,4,52,3,0,6
4298,1,2,5,53,4,0,4
4299,2,1,7,53,3,0,3
4300,0,0,0,0,0,0,0
4301,0,0,0,0,0,0,0
4302,0,0,0,0,0,0,0
4303,0,0,0,0,0,0,0
4304,0,0,0,0,0,0,0
4305,0,0,0,0,0,0,0
4306,0,0,0,0,0,0,0
4307,0,0,0,0,0,0,0
4308,0,0,0,0,0,0,0
4309,0,0,0,0,0,0,0
4310,0,0,0,0,0,0,0
4311,0,0,0,0,0,0,0
4312,0,0,0,0,0,0,0
4313,0,0,0,0,0,0,0
4314,0,0,0,0,0,0,0
4315,0,0,0,0,0,0,0
4316,0,0,0,0,0,0,0
4317,0,0,0,0,0,0,0
4318,0,0,0,0,0,0,0
4319,0,0,0,0,0,0,0
4320,0,0,0,0,0,0,0
4321,0,0,0,0,0,0,0
4322,0,0,0,0,0,0,0
4323,0,0,0,0,0,0,0
4324,0,0,0,0,0,0,0
4325,0,0,0,0,0,0,0
4326,0,0,0,0,0,0,0
4327,0,0,0,0,0,0,0
4328,0,0,0,0,0,0,0
4329,0,0,0,0,0,0,0
4330,0,0,0,0,0,0,0
4331,0,0,0,0,0,0,0
4332,0,0,0,0,0,0,0
4333,0,0,0,0,0,0,0
4334,0,0,0,0,0,0,0
4335,0,0,0,0,0,0,0
4336,0,0,0,0,0,0,0
4337,0,0,0,0,0,0,0
4338,0,0,0,0,0,0,0
4339,0,0,0,0,0,0,0
4340,0,0,0,0,0,0,0
4341,0,0,0,0,0,0,0
4342,0,0,0,0,0,0,0
4343,0,0,0,0,0,0,0
4344,0,0,0,0,0,0,0
4345,0,0,0,0,0,0,0
4346,0,0,0,0,0,0,0
4347,0,0,0,0,0,0,0
4348,0,0,0,0,0,0,0
4349,0,0,0,0,0,0,0
4350,0,0,0,0,0,0,0
4351,0,0,0,0,0,0,0
4352,0,0,0,0,0,0,0
4353,0,0,0,0,0,0,0
4354,0,0,0,0,0,0,0
4355,0,7,7,36,8,0,4
4356,1,3,10,37,7,0,4
4357,1,3,10,36,8,0,4
4358,1,2,7,42,8,0,4
4359,0,2,8,44,5,0,5
4360,1,2,7,46,7,0,5
4361,0,3,11,39,7,0,3
4362,0,3,11,31,9,0,5
4363,0,0,0,0,0,0,0
4364,0,0,0,0,0,0,0
4365,0,0,0,0,0,0,0
4366,0,0,0,0,0,0,0
4367,0,0,0,0,0,0,0
4368,0,0,0,0,0,0,0
4369,0,0,0,0,0,0,0
4370,0,0,0,0,0,0,0
4371,0,0,0,0,0,0,0
4372,0,0,0,0,0,0,0
4373,0,0,0,0,0,0,0
4374,0,0,0,0,0,0,0
4375,0,0,0,0,0,0,0
4376,0,0,0,0,0,0,0
4377,0,0,0,0,0,0,0
4378,0,0,0,0,0,0,0
4379,0,0,0,0,0,0,0
4380,0,0,0,0,0,0,0
4381,0,0,0,0,0,0,0
4382,0,0,0,0,0,0,0
4383,0,0,0,0,0,0,0
4384,0,0,0,0,0,0,0
4385,0,0,0,0,0,0,0
4386,0,0,0,0,0,0,0
4387,0,0,0,0,0,0,0
4388,0,0,0,0,0,0,0
4389,0,0,0,0,0,0,0
4390,0,0,0,0,0,0,0
4391,0,0,0,0,0,0,0
4392,0,0,0,0,0,0,0
4393,0,0,0,0,0,0,0
4394,0,0,0,0,0,0,0
4395,0,0,0,0,0,0,0
4396,0,0,0,0,0,0,0
4397,0,0,0,0,0,0,0
4398,0,0,0,0,0,0,0
4399,0,0,0,0,0,0,0
4400,0,0,0,0,0,0,0
4401,0,0,0,0,0,0,0
4402,0,0,0,0,0,0,0
4403,0,0,0,0,0,0,0
4404,0,0,0,0,0,0,0
4405,0,0,0,0,0,0,0
4406,0,0,0,0,0,0,0
4407,0,0,0,0,0,0,0
4408,0,0,0,0,0,0,0
4409,0,0,0,0,0,0,0
4410,0,0,0,0,0,0,0
4411,0,0,0,0,0,0,0
4412,0,0,0,0,0,0,0
4413,0,0,0,0,0,0,0
4414,0,0,0,0,0,0,0
4415,0,0,0,0,0,0,0
4416,0,0,0,0,0,0,0
4417,0,0,0,0,0,0,0
4418,0,0,0,0,0,0,0
4419,0,0,0,0,0,0,0
4420,0,0,0,0,0,0,0
4421,0,0,0,0,0,0,0
4422,0,0,0,0,0,0,0
4423,0,0,0,0,0,0,0
4424,0,0,0,0,0,0,0
4425,0,0,0,0,0,0,0
4426,0,0,0,0,0,0,0
4427,0,0,0,0,0,0,0
4428,1,4,3,45,5,0,6
4429,0,1,9,44,5,0,6
4430,0,3,8,48,4,0,6
4431,0,0,0,0,0,0,0
4432,0,0,0,0,0,0,0
4433,0,0,0,0,0,0,0
4434,0,0,0,0,0,0,0
4435,0,0,0,0,0,0,0
4436,0,0,0,0,0,0,0
4437,0,0,0,0,0,0,0
4438,0,0,0,0,0,0,0
4439,0,0,0,0,0,0,0
4440,0,0,0,0,0,0,0
4441,0,0,0,0,0,0,0
4442,0,0,0,0,0,0,0
4443,0,0,0,0,0,0,0
4444,0,0,0,0,0,0,0
4445,0,0,0,0,0,0,0
4446,0,0,0,0,0,0,0
4447,0,0,0,0,0,0,0
4448,0,0,0,0,0,0,0
4449,0,0,0,0,0,0,0
4450,0,0,0,0,0,0,0
4451,0,0,0,0,0,0,0
4452,0,0,0,0,0,0,0
4453,0,0,0,0,0,0,0
4454,0,0,0,0,0,0,0
4455,0,0,0,0,0,0,0
4456,0,0,0,0,0,0,0
4457,0,0,0,0,0,0,0
4458,0,0,0,0,0,0,0
4459,0,0,0,0,0,0,0
4460,0,0,0,0,0,0,0
4461,0,0,0,0,0,0,0
4462,0,0,0,0,0,0,0
4463,0,0,0,0,0,0,0
4464,0,0,0,0,0,0,0
4465,0,0,0,0,0,0,0
4466,0,0,0,0,0,0,0
4467,0,0,0,0,0,0,0
4468,0,0,0,0,0,0,0
4469,0,0,0,0,0,0,0
4470,0,0,0,0,0,0,0
4471,0,0,0,0,0,0,0
4472,0,0,0,0,0,0,0
4473,0,0,0,0,0,0,0
4474,0,0,0,0,0,0,0
4475,0,0,0,0,0,0,0
4476,0,0,0,0,0,0,0
4477,0,0,0,0,0,0,0
4478,0,0,0,0,0,0,0
4479,0,0,0,0,0,0,0
4480,0,0,0,0,0,0,0
4481,0,0,0,0,0,0,0
4482,0,0,0,0,0,0,0
4483,0,0,0,0,0,0,0
4484,0,0,0,0,0,0,0
4485,0,0,0,0,0,0,0
4486,0,0,0,0,0,0,0
4487,0,0,0,0,0,0,0
4488,0,0,0,0,0,0,0
4489,0,0,0,0,0,0,0
4490,0,0,0,0,0,0,0
4491,0,0,0,0,0,0,0
4492,0,0,0,0,0,0,0
4493,0,0,0,0,0,0,0
4494,0,0,0,0,0,0,0
4495,0,0,0,0,0,0,0
4496,0,0,0,0,0,0,0
4497,0,0,0,0,0,0,0
4498,0,0,0,0,0,0,0
4499,0,0,0,0,0,0,0
4500,0,0,0,0,0,0,0
4501,0,0,0,0,0,0,0
4502,0,0,0,0,0,0,0
4503,0,0,0,0,0,0,0
4504,0,0,0,0,0,0,0
4505,0,0,0,0,0,0,0
4506,0,0,0,0,0,0,0
4507,0,0,0,0,0,0,0
4508,0,0,0,0,0,0,0
4509,0,0,0,0,0,0,0
4510,0,0,0,0,0,0,0
4511,0,0,0,0,0,0,0
4512,0,0,0,0,0,0,0
4513,0,0,0,0,0,0,0
4514,0,0,0,0,0,0,0
4515,0,0,0,0,0,0,0
4516,0,0,0,0,0,0,0
4517,0,0,0,0,0,0,0
4518,0,0,0,0,0,0,0
4519,0,0,0,0,0,0,0
4520,0,0,0,0,0,0,0
4521,0,0,0,0,0,0,0
4522,0,0,0,0,0,0,0
4523,0,0,0,0,0,0,0
4524,0,0,0,0,0,0,0
4525,0,0,0,0,0,0,0
4526,0,0,0,0,0,0,0
4527,0,0,0,0,0,0,0
4528,0,0,0,0,0,0,0
4529,0,0,0,0,0,0,0
4530,0,0,0,0,0,0,0
4531,0,0,0,0,0,0,0
4532,0,0,0,0,0,0,0
4533,0,0,0,0,0,0,0
4534,0,0,0,0,0,0,0
4535,0,0,0,0,0,0,0
4536,0,0,0,0,0,0,0
4537,0,0,0,0,0,0,0
4538,0,0,0,0,0,0,0
4539,0,0,0,0,0,0,0
4540,0,0,0,0,0,0,0
4541,0,0,0,0,0,0,0
4542,0,0,0,0,0,0,0
4543,0,0,0,0,0,0,0
4544,0,0,0,0,0,0,0
4545,0,0,0,0,0,0,0
4546,0,0,0,0,0,0,0
4547,0,0,0,0,0,0,0
4548,0,0,0,0,0,0,0
4549,0,0,0,0,0,0,0
4550,0,0,0,0,0,0,0
4551,0,0,0,0,0,0,0
4552,0,0,0,0,0,0,0
4553,0,0,0,0,0,0,0
4554,0,0,0,0,0,0,0
4555,0,0,0,0,0,0,0
4556,0,0,0,0,0,0,0
4557,0,0,0,0,0,0,0
4558,0,0,0,0,0,0,0
4559,0,0,0,0,0,0,0
4560,0,0,0,0,0,0,0
4561,0,0,0,0,0,0,0
4562,0,0,0,0,0,0,0
4563,0,0,0,0,0,0,0
4564,0,0,0,0,0,0,0
4565,0,0,0,0,0,0,0
4566,0,0,0,0,0,0,0
4567,0,0,0,0,0,0,0
4568,0,0,0,0,0,0,0
4569,0,0,0,0,0,0,0
4570,0,0,0,0,0,0,0
4571,0,0,0,0,0,0,0
4572,0,0,0,0,0,0,0
4573,0,0,0,0,0,0,0
4574,0,0,0,0,0,0,0
4575,0,0,0,0,0,0,0
4576,0,0,0,0,0,0,0
4577,0,0,0,0,0,0,0
4578,0,0,0,0,0,0,0
4579,0,0,0,0,0,0,0
4580,0,0,0,0,0,0,0
4581,0,0,0,0,0,0,0
4582,0,0,0,0,0,0,0
4583,0,0,0,0,0,0,0
4584,0,0,0,0,0,0,0
4585,0,0,0,0,0,0,0
4586,0,0,0,0,0,0,0
4587,0,0,0,0,0,0,0
4588,0,0,0,0,0,0,0
4589,0,0,0,0,0,0,0
4590,0,0,0,0,0,0,0
4591,0,0,0,0,0,0,0
4592,0,0,0,0,0,0,0
4593,0,0,0,0,0,0,0
4594,0,0,0,0,0,0,0
4595,0,0,0,0,0,0,0
4596,0,0,0,0,0,0,0
4597,0,0,0,0,0,0,0
4598,0,0,0,0,0,0,0
4599,0,0,0,0,0,0,0
4600,0,0,0,0,0,0,0
4601,0,0,0,0,0,0,0
4602,0,0,0,0,0,0,0
4603,0,0,0,0,0,0,0
4604,0,0,0,0,0,0,0
4605,0,0,0,0,0,0,0
4606,0,0,0,0,0,0,0
4607,0,0,0,0,0,0,0
4608,0,0,0,0,0,0,0
4609,0,0,0,0,0,0,0
4610,0,0,0,0,0,0,0
4611,0,0,0,0,0,0,0
4612,0,0,0,0,0,0,0
4613,0,0,0,0,0,0,0
4614,0,0,0,0,0,0,0
4615,0,0,0,0,0,0,0
4616,0,0,0,0,0,0,0
4617,0,0,0,0,0,0,0
4618,0,0,0,0,0,0,0
4619,0,0,0,0,0,0,0
4620,0,0,0,0,0,0,0
4621,0,0,0,0,0,0,0
4622,0,0,0,0,0,0,0
4623,0,0,0,0,0,0,0
4624,0,0,0,0,0,0,0
4625,0,0,0,0,0,0,0
4626,0,0,0,0,0,0,0
4627,0,0,0,0,0,0,0
4628,0,0,0,0,0,0,0
4629,0,0,0,0,0,0,0
4630,0,0,0,0,0,0,0
4631,0,0,0,0,0,0,0
4632,0,0,0,0,0,0,0
4633,0,0,0,0,0,0,0
4634,0,0,0,0,0,0,0
4635,0,0,0,0,0,0,0
4636,0,0,0,0,0,0,0
4637,0,0,0,0,0,0,0
4638,0,0,0,0,0,0,0
4639,0,0,0,0,0,0,0
4640,0,0,0,0,0,0,0
4641,0,0,0,0,0,0,0
4642,0,0,0,0,0,0,0
4643,0,0,0,0,0,0,0
4644,0,0,0,0,0,0,0
4645,0,0,0,0,0,0,0
4646,0,0,0,0,0,0,0
4647,0,0,0,0,0,0,0
4648,0,0,0,0,0,0,0
4649,0,0,0,0,0,0,0
4650,0,0,0,0,0,0,0
4651,0,0,0,0,0,0,0
4652,0,0,0,0,0,0,0
4653,0,0,0,0,0,0,0
4654,0,0,0,0,0,0,0
4655,0,0,0,0,0,0,0
4656,0,0,0,0,0,0,0
4657,0,0,0,0,0,0,0
4658,0,0,0,0,0,0,0
4659,0,0,0,0,0,0,0
4660,0,0,0,0,0,0,0
4661,0,0,0,0,0,0,0
4662,0,0,0,0,0,0,0
4663,0,0,0,0,0,0,0
4664,0,0,0,0,0,0,0
4665,0,0,0,0,0,0,0
4666,0,0,0,0,0,0,0
4667,0,0,0,0,0,0,0
4668,0,0,0,0,0,0,0
4669,0,0,0,0,0,0,0
4670,0,0,0,0,0,0,0
4671,0,0,0,0,0,0,0
4672,0,0,0,0,0,0,0
4673,0,0,0,0,0,0,0
4674,0,0,0,0,0,0,0
4675,0,0,0,0,0,0,0
4676,0,0,0,0,0,0,0
4677,0,0,0,0,0,0,0
4678,0,0,0,0,0,0,0
4679,0,0,0,0,0,0,0
4680,0,0,0,0,0,0,0
4681,0,0,0,0,0,0,0
4682,0,0,0,0,0,0,0
4683,0,0,0,0,0,0,0
4684,0,0,0,0,0,0,0
4685,0,0,0,0,0,0,0
4686,0,0,0,0,0,0,0
4687,0,0,0,0,0,0,0
4688,0,0,0,0,0,0,0
4689,0,0,0,0,0,0,0
4690,0,0,0,0,0,0,0
4691,0,0,0,0,0,0,0
4692,0,0,0,0,0,0,0
4693,0,0,0,0,0,0,0
4694,0,0,0,0,0,0,0
4695,0,0,0,0,0,0,0
4696,0,0,0,0,0,0,0
4697,0,0,0,0,0,0,0
4698,0,0,0,0,0,0,0
4699,0,0,0,0,0,0,0
4700,0,0,0,0,0,0,0
4701,0,0,0,0,0,0,0
4702,0,0,0,0,0,0,0
4703,0,0,0,0,0,0,0
4704,0,0,0,0,0,0,0
4705,0,0,0,0,0,0,0
4706,0,0,0,0,0,0,0
4707,0,0,0,0,0,0,0
4708,0,0,0,0,0,0,0
4709,0,0,0,0,0,0,0
4710,0,0,0,0,0,0,0
4711,0,0,0,0,0,0,0
4712,0,0,0,0,0,0,0
4713,0,0,0,0,0,0,0
4714,0,0,0,0,0,0,0
4715,0,0,0,0,0,0,0
4716,0,0,0,0,0,0,0
4717,0,0,0,0,0,0,0
4718,0,0,0,0,0,0,0
4719,0,0,0,0,0,0,0
4720,0,0,0,0,0,0,0
4721,0,0,0,0,0,0,0
4722,0,0,0,0,0,0,0
4723,0,0,0,0,0,0,0
4724,0,0,0,0,0,0,0
4725,0,0,0,0,0,0,0
4726,0,0,0,0,0,0,0
4727,0,0,0,0,0,0,0
4728,0,0,0,0,0,0,0
4729,0,0,0,0,0,0,0
4730,0,0,0,0,0,0,0
4731,0,0,0,0,0,0,0
4732,0,0,0,0,0,0,0
4733,0,0,0,0,0,0,0
4734,0,0,0,0,0,0,0
4735,0,0,0,0,0,0,0
4736,0,0,0,0,0,0,0
4737,0,0,0,0,0,0,0
4738,0,0,0,0,0,0,0
4739,0,0,0,0,0,0,0
4740,0,0,0,0,0,0,0
4741,0,0,0,0,0,0,0
4742,0,0,0,0,0,0,0
4743,0,0,0,0,0,0,0
4744,0,0,0,0,0,0,0
4745,0,0,0,0,0,0,0
4746,0,0,0,0,0,0,0
4747,0,0,0,0,0,0,0
4748,0,0,0,0,0,0,0
4749,0,0,0,0,0,0,0
4750,0,0,0,0,0,0,0
4751,0,0,0,0,0,0,0
4752,0,0,0,0,0,0,0
4753,0,0,0,0,0,0,0
4754,0,0,0,0,0,0,0
4755,0,0,0,0,0,0,0
4756,0,0,0,0,0,0,0
4757,0,0,0,0,0,0,0
4758,0,0,0,0,0,0,0
4759,0,0,0,0,0,0,0
4760,0,0,0,0,0,0,0
4761,0,0,0,0,0,0,0
4762,0,0,0,0,0,0,0
4763,0,0,0,0,0,0,0
4764,0,0,0,0,0,0,0
4765,0,0,0,0,0,0,0
4766,0,0,0,0,0,0,0
4767,0,0,0,0,0,0,0
4768,0,0,0,0,0,0,0
4769,0,0,0,0,0,0,0
4770,0,0,0,0,0,0,0
4771,0,0,0,0,0,0,0
4772,0,0,0,0,0,0,0
4773,0,0,0,0,0,0,0
4774,0,0,0,0,0,0,0
4775,0,0,0,0,0,0,0
4776,0,0,0,0,0,0,0
4777,0,0,0,0,0,0,0
4778,0,0,0,0,0,0,0
4779,0,0,0,0,0,0,0
4780,0,0,0,0,0,0,0
4781,0,0,0,0,0,0,0
4782,0,0,0,0,0,0,0
4783,0,0,0,0,0,0,0
4784,0,0,0,0,0,0,0
4785,0,0,0,0,0,0,0
4786,0,0,0,0,0,0,0
4787,0,0,0,0,0,0,0
4788,0,0,0,0,0,0,0
4789,0,0,0,0,0,0,0
4790,0,0,0,0,0,0,0
4791,0,0,0,0,0,0,0
4792,0,0,0,0,0,0,0
4793,0,0,0,0,0,0,0
4794,0,0,0,0,0,0,0
4795,0,0,0,0,0,0,0
4796,0,0,0,0,0,0,0
4797,0,0,0,0,0,0,0
4798,0,0,0,0,0,0,0
4799,0,0,0,0,0,0,0
4800,0,0,0,0,0,0,0
4801,0,0,0,0,0,0,0
4802,0,0,0,0,0,0,0
4803,0,0,0,0,0,0,0
4804,0,0,0,0,0,0,0
4805,0,0,0,0,0,0,0
4806,0,0,0,0,0,0,0
4807,0,0,0,0,0,0,0
4808,0,0,0,0,0,0,0
4809,0,0,0,0,0,0,0
4810,0,0,0,0,0,0,0
4811,0,0,0,0,0,0,0
4812,0,0,0,0,0,0,0
4813,0,0,0,0,0,0,0
4814,0,0,0,0,0,0,0
4815,0,0,0,0,0,0,0
4816,0,0,0,0,0,0,0
4817,0,0,0,0,0,0,0
4818,0,0,0,0,0,0,0
4819,0,0,0,0,0,0,0
4820,0,0,0,0,0,0,0
4821,0,0,0,0,0,0,0
4822,0,0,0,0,0,0,0
4823,0,0,0,0,0,0,0
4824,0,0,0,0,0,0,0
4825,0,0,0,0,0,0,0
4826,0,0,0,0,0,0,0
4827,0,0,0,0,0,0,0
4828,0,0,0,0,0,0,0
4829,0,0,0,0,0,0,0
4830,0,0,0,0,0,0,0
4831,0,0,0,0,0,0,0
4832,0,0,0,0,0,0,0
4833,0,0,0,0,0,0,0
4834,0,0,0,0,0,0,0
4835,0,0,0,0,0,0,0
4836,0,0,0,0,0,0,0
4837,0,0,0,0,0,0,0
4838,0,0,0,0,0,0,0
4839,0,0,0,0,0,0,0
4840,0,0,0,0,0,0,0
4841,0,0,0,0,0,0,0
4842,0,0,0,0,0,0,0
4843,0,0,0,0,0,0,0
4844,0,0,0,0,0,0,0
4845,0,0,0,0,0,0,0
4846,0,0,0,0,0,0,0
4847,0,0,0,0,0,0,0
4848,0,0,0,0,0,0,0
4849,0,0,0,0,0,0,0
4850,0,0,0,0,0,0,0
4851,0,0,0,0,0,0,0
4852,0,0,0,0,0,0,0
4853,0,0,0,0,0,0,0
4854,0,0,0,0,0,0,0
4855,0,0,0,0,0,0,0
4856,0,0,0,0,0,0,0
4857,0,0,0,0,0,0,0
4858,0,0,0,0,0,0,0
4859,0,0,0,0,0,0,0
4860,0,0,0,0,0,0,0
4861,0,0,0,0,0,0,0
4862,0,0,0,0,0,0,0
4863,0,0,0,0,0,0,0
4864,0,0,0,0,0,0,0
4865,0,0,0,0,0,0,0
4866,0,0,0,0,0,0,0
4867,0,0,0,0,0,0,0
4868,0,0,0,0,0,0,0
4869,0,0,0,0,0,0,0
4870,0,0,0,0,0,0,0
4871,0,0,0,0,0,0,0
4872,0,0,0,0,0,0,0
4873,0,0,0,0,0,0,0
4874,0,0,0,0,0,0,0
4875,0,0,0,0,0,0,0
4876,0,0,0,0,0,0,0
4877,0,0,0,0,0,0,0
4878,0,0,0,0,0,0,0
4879,0,0,0,0,0,0,0
4880,0,0,0,0,0,0,0
4881,0,0,0,0,0,0,0
4882,0,0,0,0,0,0,0
4883,0,0,0,0,0,0,0
4884,0,0,0,0,0,0,0
4885,0,0,0,0,0,0,0
4886,0,0,0,0,0,0,0
4887,0,0,0,0,0,0,0
4888,0,0,0,0,0,0,0
4889,0,0,0,0,0,0,0
4890,0,0,0,0,0,0,0
4891,0,0,0,0,0,0,0
4892,0,0,0,0,0,0,0
4893,0,0,0,0,0,0,0
4894,0,0,0,0,0,0,0
4895,0,0,0,0,0,0,0
4896,0,0,0,0,0,0,0
4897,0,0,0,0,0,0,0
4898,0,0,0,0,0,0,0
4899,0,0,0,0,0,0,0
